listing_id,id_x,date,temp_max,temp_min,apparent_temp_max,apparent_temp_min,rain,wind_speed,wind_gust,humidity,neighbourhood_cleansed,property_type,room_type,host_is_superhost,price,sentiment_stars,weather_category,weather_sentence,weather_sentiment_score
810042,1102743668636634629,2024-03-01,23.4,15.8,25.7,16.2,0.0,18.0,51.5,83.0,Ward 64,Entire cottage,Entire home/apt,t,1526.0,4.31,Heat,Loved the outside (hot) shower and visits from the charming cat.,4.37
811611,1104210506354708276,2024-03-03,27.4,18.4,27.7,15.9,0.0,31.1,92.5,72.91666667,Ward 77,Entire guest suite,Entire home/apt,t,,4.66,,,
811611,1121562288719493672,2024-03-27,23.8,16.4,22.9,12.9,0.0,31.1,85.3,74.375,Ward 77,Entire guest suite,Entire home/apt,t,,4.78,,,
19271,1104207912107311383,2024-03-03,27.4,18.4,27.7,15.9,0.0,31.1,92.5,72.91666667,Ward 59,Entire guest suite,Entire home/apt,t,700.0,4.86,,,
842387,1112867193491358078,2024-03-15,24.2,12.2,25.9,11.7,0.0,15.3,45.0,78.41666667,Ward 77,Private room in home,Private room,t,697.0,4.92,Rain,"Auch, als ich kurzfristig einen Wet Suit für ein Casting brauchte;)Nochmal herzlichen Dank dafür!<br/>Danke für diese wundervolle Zeit!<br/>Ich kann Adam's Place jedem zu 100% empfehlen.<br/>Ich komme auf jeden Fall wieder.",4.93
857701,1109340110845599204,2024-03-10,24.8,17.2,24.9,15.4,0.0,27.4,69.5,72.875,Ward 61,Entire home,Entire home/apt,f,2886.0,4.78,,,
875916,1108592412678429673,2024-03-09,24.8,16.8,26.8,16.0,0.0,21.1,57.2,74.875,Ward 74,Entire rental unit,Entire home/apt,f,2315.0,4.68,,,
893053,1105002204292309601,2024-03-04,18.8,15.3,19.8,15.5,18.5,18.5,57.2,89.95833333,Ward 115,Entire rental unit,Entire home/apt,f,1674.0,4.91,,,
893053,1119430888249342789,2024-03-24,21.5,15.1,20.2,14.5,0.0,20.3,65.9,68.875,Ward 115,Entire rental unit,Entire home/apt,f,1674.0,4.94,,,
897063,1115082598047201010,2024-03-18,31.6,15.2,33.0,15.3,0.0,19.6,52.2,66.45833333,Ward 115,Entire rental unit,Entire home/apt,f,799.0,4.85,,,
897063,1121603316328536926,2024-03-27,23.8,16.4,22.9,12.9,0.0,31.1,85.3,74.375,Ward 115,Entire rental unit,Entire home/apt,f,799.0,4.06,,,
36347,1103448091529817777,2024-03-02,25.9,17.5,26.0,14.2,0.0,38.9,106.6,79.29166667,Ward 115,Entire loft,Entire home/apt,f,1022.0,4.91,,,
900141,1104974373687797269,2024-03-04,18.8,15.3,19.8,15.5,18.5,18.5,57.2,89.95833333,Ward 55,Entire cottage,Entire home/apt,f,1219.0,4.68,,,
900141,1112886155790169702,2024-03-15,24.2,12.2,25.9,11.7,0.0,15.3,45.0,78.41666667,Ward 55,Entire cottage,Entire home/apt,f,1219.0,3.54,,,
900141,1120917725819986387,2024-03-26,24.2,15.6,24.0,14.9,0.1,29.2,81.4,78.41666667,Ward 55,Entire cottage,Entire home/apt,f,1219.0,4.78,,,
122455,1109297491326733888,2024-03-10,24.8,17.2,24.9,15.4,0.0,27.4,69.5,72.875,Ward 115,Entire home,Entire home/apt,f,3897.0,4.82,,,
133339,1115084586579988540,2024-03-18,31.6,15.2,33.0,15.3,0.0,19.6,52.2,66.45833333,Ward 77,Private room in cottage,Private room,f,1342.0,4.65,,,
200211,1110758479804738067,2024-03-12,25.4,17.4,26.0,18.4,0.2,17.3,51.1,77.41666667,Ward 54,Entire condo,Entire home/apt,t,994.0,4.28,,,
218269,1122365875983212289,2024-03-28,22.4,15.7,21.2,13.8,0.0,33.1,91.8,79.33333333,Ward 115,Entire cottage,Entire home/apt,t,740.0,4.6,,,
1049961,1123833934084561414,2024-03-30,33.8,15.2,34.8,15.1,0.0,17.4,46.8,58.75,Ward 115,Entire rental unit,Entire home/apt,f,1830.0,4.61,,,
1058642,1103441466021813759,2024-03-02,25.9,17.5,26.0,14.2,0.0,38.9,106.6,79.29166667,Ward 54,Entire guesthouse,Entire home/apt,t,2302.0,4.85,,,
1058642,1107091098279705565,2024-03-07,21.8,13.2,20.0,12.9,0.0,24.1,76.0,77.95833333,Ward 54,Entire guesthouse,Entire home/apt,t,2302.0,4.59,,,
1058642,1109280180173676486,2024-03-10,24.8,17.2,24.9,15.4,0.0,27.4,69.5,72.875,Ward 54,Entire guesthouse,Entire home/apt,t,2302.0,4.1,,,
1058642,1111432704861488244,2024-03-13,24.0,15.5,23.0,15.7,0.0,19.9,58.0,66.125,Ward 54,Entire guesthouse,Entire home/apt,t,2302.0,4.94,,,
1058642,1112907109957184070,2024-03-15,24.2,12.2,25.9,11.7,0.0,15.3,45.0,78.41666667,Ward 54,Entire guesthouse,Entire home/apt,t,2302.0,3.97,,,
1058642,1114420908291439963,2024-03-17,27.7,15.8,27.0,12.9,0.0,33.6,92.5,61.5,Ward 54,Entire guesthouse,Entire home/apt,t,2302.0,2.47,,,
1058642,1118029377350392084,2024-03-22,23.2,15.4,23.6,16.7,2.1,15.8,47.9,85.375,Ward 54,Entire guesthouse,Entire home/apt,t,2302.0,4.86,,,
1058642,1120193334956716732,2024-03-25,22.3,15.3,22.3,13.9,0.0,21.4,62.3,77.79166667,Ward 54,Entire guesthouse,Entire home/apt,t,2302.0,4.86,,,
1058642,1121657290201040531,2024-03-27,23.8,16.4,22.9,12.9,0.0,31.1,85.3,74.375,Ward 54,Entire guesthouse,Entire home/apt,t,2302.0,4.92,,,
282586,1111450750094474774,2024-03-13,24.0,15.5,23.0,15.7,0.0,19.9,58.0,66.125,Ward 54,Entire cottage,Entire home/apt,t,3842.0,4.54,,,
282586,1114419562997415617,2024-03-17,27.7,15.8,27.0,12.9,0.0,33.6,92.5,61.5,Ward 54,Entire cottage,Entire home/apt,t,3842.0,4.94,,,
1075794,1110070817498195458,2024-03-11,30.9,15.5,34.2,15.9,0.0,25.6,66.2,71.125,Ward 115,Entire rental unit,Entire home/apt,f,1260.0,4.05,,,
282606,1114342533475881457,2024-03-17,27.7,15.8,27.0,12.9,0.0,33.6,92.5,61.5,Ward 59,Private room in rental unit,Private room,f,366.0,4.74,,,
1101917,1117974150900395558,2024-03-22,23.2,15.4,23.6,16.7,2.1,15.8,47.9,85.375,Ward 62,Entire villa,Entire home/apt,t,5482.0,4.68,,,
286894,1105714085688668299,2024-03-05,23.0,15.1,23.4,14.8,0.2,14.5,43.2,68.54166667,Ward 54,Entire rental unit,Entire home/apt,t,1143.0,3.93,,,
286894,1110746013097371947,2024-03-12,25.4,17.4,26.0,18.4,0.2,17.3,51.1,77.41666667,Ward 54,Entire rental unit,Entire home/apt,t,1143.0,4.54,,,
286894,1120229699686967456,2024-03-25,22.3,15.3,22.3,13.9,0.0,21.4,62.3,77.79166667,Ward 54,Entire rental unit,Entire home/apt,t,1143.0,4.8,,,
1182416,1109988779443361862,2024-03-11,30.9,15.5,34.2,15.9,0.0,25.6,66.2,71.125,Ward 115,Entire condo,Entire home/apt,t,1260.0,3.27,,,
1194568,1110761107637849081,2024-03-12,25.4,17.4,26.0,18.4,0.2,17.3,51.1,77.41666667,Ward 54,Entire rental unit,Entire home/apt,t,1094.0,4.46,Heat,"Try Kleinsky's for the most delicious hot filled bagels, Kanela coffee for brunch and outdoor seating, and Kimchi for Korean barbecue.",4.36
1194568,1113698712039739829,2024-03-16,22.0,16.5,20.1,12.8,0.2,35.0,94.0,70.04166667,Ward 54,Entire rental unit,Entire home/apt,t,1094.0,4.9,,,
1194568,1118742276050001069,2024-03-23,20.7,14.5,20.2,14.9,0.0,16.0,45.0,72.91666667,Ward 54,Entire rental unit,Entire home/apt,t,1094.0,4.87,,,
1234685,1104170567751455462,2024-03-03,27.4,18.4,27.7,15.9,0.0,31.1,92.5,72.91666667,Ward 54,Entire rental unit,Entire home/apt,f,2158.0,4.16,,,
1241945,1104892079118859368,2024-03-04,18.8,15.3,19.8,15.5,18.5,18.5,57.2,89.95833333,Ward 54,Entire villa,Entire home/apt,t,8790.0,4.96,,,
1241945,1121561416977307019,2024-03-27,23.8,16.4,22.9,12.9,0.0,31.1,85.3,74.375,Ward 54,Entire villa,Entire home/apt,t,8790.0,4.63,,,
1241945,1123757317851550933,2024-03-30,33.8,15.2,34.8,15.1,0.0,17.4,46.8,58.75,Ward 54,Entire villa,Entire home/apt,t,8790.0,3.96,,,
1331613,1120192888713461971,2024-03-25,22.3,15.3,22.3,13.9,0.0,21.4,62.3,77.79166667,Ward 58,Entire guest suite,Entire home/apt,t,1286.0,4.95,,,
357793,1110014135981335579,2024-03-11,30.9,15.5,34.2,15.9,0.0,25.6,66.2,71.125,Ward 115,Entire rental unit,Entire home/apt,t,2000.0,4.4,,,
1333749,1107854804618116393,2024-03-08,23.6,16.7,25.1,17.2,1.7,18.1,55.8,81.125,Ward 54,Entire rental unit,Entire home/apt,t,2438.0,4.27,,,
1333749,1109258750341572920,2024-03-10,24.8,17.2,24.9,15.4,0.0,27.4,69.5,72.875,Ward 54,Entire rental unit,Entire home/apt,t,2438.0,4.55,,,
1558929,1102737201228747604,2024-03-01,23.4,15.8,25.7,16.2,0.0,18.0,51.5,83.0,Ward 115,Entire rental unit,Entire home/apt,t,1164.0,4.75,,,
1558929,1120208011783204447,2024-03-25,22.3,15.3,22.3,13.9,0.0,21.4,62.3,77.79166667,Ward 115,Entire rental unit,Entire home/apt,t,1164.0,4.69,,,
400107,1104894331768145553,2024-03-04,18.8,15.3,19.8,15.5,18.5,18.5,57.2,89.95833333,Ward 54,Entire villa,Entire home/apt,t,10858.0,4.69,,,
400107,1113701826140747483,2024-03-16,22.0,16.5,20.1,12.8,0.2,35.0,94.0,70.04166667,Ward 54,Entire villa,Entire home/apt,t,10858.0,3.85,Heat,"Note that with the pool inside, it is very hot in the main room, but there are fans available.",3.3
400107,1118055416056316617,2024-03-22,23.2,15.4,23.6,16.7,2.1,15.8,47.9,85.375,Ward 54,Entire villa,Entire home/apt,t,10858.0,4.67,,,
469356,1105684897377007526,2024-03-05,23.0,15.1,23.4,14.8,0.2,14.5,43.2,68.54166667,Ward 71,Entire cottage,Entire home/apt,f,4850.0,4.62,,,
469356,1115098256843237707,2024-03-18,31.6,15.2,33.0,15.3,0.0,19.6,52.2,66.45833333,Ward 71,Entire cottage,Entire home/apt,f,4850.0,4.64,,,
471729,1118031136901681355,2024-03-22,23.2,15.4,23.6,16.7,2.1,15.8,47.9,85.375,Ward 61,Entire cottage,Entire home/apt,f,937.0,4.86,,,
1595157,1104237060761986522,2024-03-03,27.4,18.4,27.7,15.9,0.0,31.1,92.5,72.91666667,Ward 61,Entire cottage,Entire home/apt,t,1113.0,4.73,,,
1595157,1109358764490800532,2024-03-10,24.8,17.2,24.9,15.4,0.0,27.4,69.5,72.875,Ward 61,Entire cottage,Entire home/apt,t,1113.0,4.91,,,
1595157,1110727654518834282,2024-03-12,25.4,17.4,26.0,18.4,0.2,17.3,51.1,77.41666667,Ward 61,Entire cottage,Entire home/apt,t,1113.0,4.9,,,
1595157,1115077355166925260,2024-03-18,31.6,15.2,33.0,15.3,0.0,19.6,52.2,66.45833333,Ward 61,Entire cottage,Entire home/apt,t,1113.0,4.57,,,
1595157,1117248792320322729,2024-03-21,33.5,17.7,35.1,19.3,0.0,8.1,28.4,58.875,Ward 61,Entire cottage,Entire home/apt,t,1113.0,4.64,,,
1595157,1121592524636561618,2024-03-27,23.8,16.4,22.9,12.9,0.0,31.1,85.3,74.375,Ward 61,Entire cottage,Entire home/apt,t,1113.0,4.88,,,
473856,1121672475303028196,2024-03-27,23.8,16.4,22.9,12.9,0.0,31.1,85.3,74.375,Ward 115,Entire rental unit,Entire home/apt,t,2172.0,4.64,,,
1595205,1103441540117119384,2024-03-02,25.9,17.5,26.0,14.2,0.0,38.9,106.6,79.29166667,Ward 64,Entire rental unit,Entire home/apt,t,1814.0,4.94,,,
1595205,1106353971401615569,2024-03-06,24.3,14.4,25.4,13.1,0.0,14.2,40.7,67.0,Ward 64,Entire rental unit,Entire home/apt,t,1814.0,4.91,,,
1595205,1110030242271282275,2024-03-11,30.9,15.5,34.2,15.9,0.0,25.6,66.2,71.125,Ward 64,Entire rental unit,Entire home/apt,t,1814.0,4.43,,,
1595205,1124463538146714182,2024-03-31,19.4,15.1,19.4,14.9,2.7,22.8,76.0,89.58333333,Ward 64,Entire rental unit,Entire home/apt,t,1814.0,4.63,,,
1626659,1120836411613818261,2024-03-26,24.2,15.6,24.0,14.9,0.1,29.2,81.4,78.41666667,Ward 23,Private room in guesthouse,Private room,t,759.0,4.82,,,
516875,1117232336079753411,2024-03-21,33.5,17.7,35.1,19.3,0.0,8.1,28.4,58.875,Ward 115,Entire rental unit,Entire home/apt,,1980.0,4.95,,,
518837,1110001494413705288,2024-03-11,30.9,15.5,34.2,15.9,0.0,25.6,66.2,71.125,Ward 61,Entire rental unit,Entire home/apt,t,975.0,4.55,,,
518837,1114398426591171467,2024-03-17,27.7,15.8,27.0,12.9,0.0,33.6,92.5,61.5,Ward 61,Entire rental unit,Entire home/apt,t,975.0,4.64,,,
518837,1118701536833496757,2024-03-23,20.7,14.5,20.2,14.9,0.0,16.0,45.0,72.91666667,Ward 61,Entire rental unit,Entire home/apt,t,975.0,4.02,,,
563459,1104227264585698226,2024-03-03,27.4,18.4,27.7,15.9,0.0,31.1,92.5,72.91666667,Ward 115,Entire home,Entire home/apt,f,890.0,4.93,,,
563459,1109278743212735125,2024-03-10,24.8,17.2,24.9,15.4,0.0,27.4,69.5,72.875,Ward 115,Entire home,Entire home/apt,f,890.0,4.88,,,
563459,1112154730106029899,2024-03-14,24.7,16.5,25.5,15.2,0.0,21.7,56.9,68.20833333,Ward 115,Entire home,Entire home/apt,f,890.0,4.5,,,
563459,1118024515355435070,2024-03-22,23.2,15.4,23.6,16.7,2.1,15.8,47.9,85.375,Ward 115,Entire home,Entire home/apt,f,890.0,4.42,,,
1653819,1110736009639685759,2024-03-12,25.4,17.4,26.0,18.4,0.2,17.3,51.1,77.41666667,Ward 115,Entire rental unit,Entire home/apt,f,1000.0,4.7,,,
1653819,1119443755361597480,2024-03-24,21.5,15.1,20.2,14.5,0.0,20.3,65.9,68.875,Ward 115,Entire rental unit,Entire home/apt,f,1000.0,3.73,,,
606963,1112966424212853285,2024-03-15,24.2,12.2,25.9,11.7,0.0,15.3,45.0,78.41666667,Ward 64,Private room in guesthouse,Private room,t,1408.0,4.44,,,
1666477,1105001627731338153,2024-03-04,18.8,15.3,19.8,15.5,18.5,18.5,57.2,89.95833333,Ward 59,Entire guest suite,Entire home/apt,t,705.0,4.78,,,
1666477,1106353677822568880,2024-03-06,24.3,14.4,25.4,13.1,0.0,14.2,40.7,67.0,Ward 59,Entire guest suite,Entire home/apt,t,705.0,4.76,,,
1666477,1122369187783048780,2024-03-28,22.4,15.7,21.2,13.8,0.0,33.1,91.8,79.33333333,Ward 59,Entire guest suite,Entire home/apt,t,705.0,4.72,,,
1684882,1111472508631228091,2024-03-13,24.0,15.5,23.0,15.7,0.0,19.9,58.0,66.125,Ward 57,Entire loft,Entire home/apt,t,3702.0,3.89,,,
653488,1105647400264980539,2024-03-05,23.0,15.1,23.4,14.8,0.2,14.5,43.2,68.54166667,Ward 115,Private room in home,Private room,f,1625.0,4.79,,,
659419,1114379476902150773,2024-03-17,27.7,15.8,27.0,12.9,0.0,33.6,92.5,61.5,Ward 4,Entire serviced apartment,Entire home/apt,f,1777.0,4.71,,,
659419,1124494290950458499,2024-03-31,19.4,15.1,19.4,14.9,2.7,22.8,76.0,89.58333333,Ward 4,Entire serviced apartment,Entire home/apt,f,1777.0,4.93,,,
660099,1110797145073428955,2024-03-12,25.4,17.4,26.0,18.4,0.2,17.3,51.1,77.41666667,Ward 4,Entire serviced apartment,Entire home/apt,f,729.0,3.59,,,
668544,1113601225392181210,2024-03-16,22.0,16.5,20.1,12.8,0.2,35.0,94.0,70.04166667,Ward 74,Entire rental unit,Entire home/apt,f,5152.0,4.85,,,
668544,1118698402354061416,2024-03-23,20.7,14.5,20.2,14.9,0.0,16.0,45.0,72.91666667,Ward 74,Entire rental unit,Entire home/apt,f,5152.0,4.78,,,
1690757,1114336704990200398,2024-03-17,27.7,15.8,27.0,12.9,0.0,33.6,92.5,61.5,Ward 77,Entire guest suite,Entire home/apt,t,594.0,4.7,,,
1690757,1123796232155275820,2024-03-30,33.8,15.2,34.8,15.1,0.0,17.4,46.8,58.75,Ward 77,Entire guest suite,Entire home/apt,t,594.0,4.76,,,
1723346,1102811879994089205,2024-03-01,23.4,15.8,25.7,16.2,0.0,18.0,51.5,83.0,Ward 54,Entire rental unit,Entire home/apt,t,923.0,4.81,,,
1724734,1104228972003082581,2024-03-03,27.4,18.4,27.7,15.9,0.0,31.1,92.5,72.91666667,Ward 77,Entire loft,Entire home/apt,t,4251.0,4.68,,,
1724734,1119492536038632473,2024-03-24,21.5,15.1,20.2,14.5,0.0,20.3,65.9,68.875,Ward 77,Entire loft,Entire home/apt,t,4251.0,4.6,,,
1724734,1122333781787376624,2024-03-28,22.4,15.7,21.2,13.8,0.0,33.1,91.8,79.33333333,Ward 77,Entire loft,Entire home/apt,t,4251.0,4.78,,,
1739061,1124461404818946080,2024-03-31,19.4,15.1,19.4,14.9,2.7,22.8,76.0,89.58333333,Ward 77,Entire guest suite,Entire home/apt,t,523.0,4.53,,,
690609,1107096792547148417,2024-03-07,21.8,13.2,20.0,12.9,0.0,24.1,76.0,77.95833333,Ward 57,Entire home,Entire home/apt,f,1235.0,4.89,,,
1773094,1103515177067020952,2024-03-02,25.9,17.5,26.0,14.2,0.0,38.9,106.6,79.29166667,Ward 115,Entire villa,Entire home/apt,t,12010.0,4.81,,,
1773094,1109993051778240729,2024-03-11,30.9,15.5,34.2,15.9,0.0,25.6,66.2,71.125,Ward 115,Entire villa,Entire home/apt,t,12010.0,4.8,,,
1773094,1115092145236864388,2024-03-18,31.6,15.2,33.0,15.3,0.0,19.6,52.2,66.45833333,Ward 115,Entire villa,Entire home/apt,t,12010.0,4.88,,,
731764,1103481435775703702,2024-03-02,25.9,17.5,26.0,14.2,0.0,38.9,106.6,79.29166667,Ward 54,Entire rental unit,Entire home/apt,t,2361.0,4.53,,,
731882,1124546739254840712,2024-03-31,19.4,15.1,19.4,14.9,2.7,22.8,76.0,89.58333333,Ward 115,Entire condo,Entire home/apt,t,1620.0,4.81,,,
1795805,1123756941846707431,2024-03-30,33.8,15.2,34.8,15.1,0.0,17.4,46.8,58.75,Ward 57,Entire rental unit,Entire home/apt,f,704.0,4.83,,,
1808811,1112963192731695359,2024-03-15,24.2,12.2,25.9,11.7,0.0,15.3,45.0,78.41666667,Ward 77,Private room in condo,Private room,f,1180.0,4.42,,,
1834106,1102716553890247622,2024-03-01,23.4,15.8,25.7,16.2,0.0,18.0,51.5,83.0,Ward 115,Entire home,Entire home/apt,t,,4.9,,,
1834106,1114314372740723772,2024-03-17,27.7,15.8,27.0,12.9,0.0,33.6,92.5,61.5,Ward 115,Entire home,Entire home/apt,t,,4.91,,,
1834106,1119392362355939686,2024-03-24,21.5,15.1,20.2,14.5,0.0,20.3,65.9,68.875,Ward 115,Entire home,Entire home/apt,t,,4.65,,,
742345,1105728273048093874,2024-03-05,23.0,15.1,23.4,14.8,0.2,14.5,43.2,68.54166667,Ward 115,Entire rental unit,Entire home/apt,f,579.0,4.57,,,
742345,1107162743605261133,2024-03-07,21.8,13.2,20.0,12.9,0.0,24.1,76.0,77.95833333,Ward 115,Entire rental unit,Entire home/apt,f,579.0,4.73,,,
742345,1117222125954289754,2024-03-21,33.5,17.7,35.1,19.3,0.0,8.1,28.4,58.875,Ward 115,Entire rental unit,Entire home/apt,f,579.0,4.56,,,
768582,1122326157544022228,2024-03-28,22.4,15.7,21.2,13.8,0.0,33.1,91.8,79.33333333,Ward 54,Entire rental unit,Entire home/apt,f,1071.0,4.34,,,
1852938,1104899799521659423,2024-03-04,18.8,15.3,19.8,15.5,18.5,18.5,57.2,89.95833333,Ward 115,Entire rental unit,Entire home/apt,,3832.0,4.8,,,
1852938,1108535923150196566,2024-03-09,24.8,16.8,26.8,16.0,0.0,21.1,57.2,74.875,Ward 115,Entire rental unit,Entire home/apt,,3832.0,3.0,,,
1852938,1110722559089061575,2024-03-12,25.4,17.4,26.0,18.4,0.2,17.3,51.1,77.41666667,Ward 115,Entire rental unit,Entire home/apt,,3832.0,4.02,,,
771176,1104978794270173662,2024-03-04,18.8,15.3,19.8,15.5,18.5,18.5,57.2,89.95833333,Ward 77,Entire rental unit,Entire home/apt,t,870.0,4.39,,,
771176,1113697122378197981,2024-03-16,22.0,16.5,20.1,12.8,0.2,35.0,94.0,70.04166667,Ward 77,Entire rental unit,Entire home/apt,t,870.0,4.61,,,
1863057,1104226945682601985,2024-03-03,27.4,18.4,27.7,15.9,0.0,31.1,92.5,72.91666667,Ward 115,Entire home,Entire home/apt,t,7338.0,4.59,,,
1871897,1113616533030725935,2024-03-16,22.0,16.5,20.1,12.8,0.2,35.0,94.0,70.04166667,Ward 1,Entire guest suite,Entire home/apt,t,675.0,4.8,,,
1871897,1122302280870783542,2024-03-28,22.4,15.7,21.2,13.8,0.0,33.1,91.8,79.33333333,Ward 1,Entire guest suite,Entire home/apt,t,675.0,4.95,,,
1923621,1123075179013440971,2024-03-29,24.3,16.9,23.5,13.6,0.0,30.7,88.9,67.875,Ward 115,Entire rental unit,Entire home/apt,t,798.0,4.64,,,
1930799,1115121474657286808,2024-03-18,31.6,15.2,33.0,15.3,0.0,19.6,52.2,66.45833333,Ward 64,Entire loft,Entire home/apt,t,1500.0,4.79,,,
1930799,1123071206952554945,2024-03-29,24.3,16.9,23.5,13.6,0.0,30.7,88.9,67.875,Ward 64,Entire loft,Entire home/apt,t,1500.0,4.61,Heat,"The flat is very private, well equipped, light and airy, even on the hotter days.",4.61
1904760,1105630438685989900,2024-03-05,23.0,15.1,23.4,14.8,0.2,14.5,43.2,68.54166667,Ward 61,Entire villa,Entire home/apt,t,1511.0,4.13,,,
1904760,1107822576191088248,2024-03-08,23.6,16.7,25.1,17.2,1.7,18.1,55.8,81.125,Ward 61,Entire villa,Entire home/apt,t,1511.0,4.79,,,
1904760,1109344931763369623,2024-03-10,24.8,17.2,24.9,15.4,0.0,27.4,69.5,72.875,Ward 61,Entire villa,Entire home/apt,t,1511.0,3.23,,,
1904760,1112146429594824580,2024-03-14,24.7,16.5,25.5,15.2,0.0,21.7,56.9,68.20833333,Ward 61,Entire villa,Entire home/apt,t,1511.0,4.94,,,
1904760,1114422080018795074,2024-03-17,27.7,15.8,27.0,12.9,0.0,33.6,92.5,61.5,Ward 61,Entire villa,Entire home/apt,t,1511.0,3.74,,,
1904760,1118034209319386155,2024-03-22,23.2,15.4,23.6,16.7,2.1,15.8,47.9,85.375,Ward 61,Entire villa,Entire home/apt,t,1511.0,4.84,,,
1904760,1121636266877370552,2024-03-27,23.8,16.4,22.9,12.9,0.0,31.1,85.3,74.375,Ward 61,Entire villa,Entire home/apt,t,1511.0,4.73,,,
1904760,1124513526029470858,2024-03-31,19.4,15.1,19.4,14.9,2.7,22.8,76.0,89.58333333,Ward 61,Entire villa,Entire home/apt,t,1511.0,4.83,,,
2712487,1104284479482508479,2024-03-03,27.4,18.4,27.7,15.9,0.0,31.1,92.5,72.91666667,Ward 77,Entire rental unit,Entire home/apt,t,695.0,3.85,Cold,"Hi had a good time and Joy is a lovely host, very chill easy understanding.",4.55
2712487,1111442965934098094,2024-03-13,24.0,15.5,23.0,15.7,0.0,19.9,58.0,66.125,Ward 77,Entire rental unit,Entire home/apt,t,695.0,4.61,,,
1945481,1105666852615395281,2024-03-05,23.0,15.1,23.4,14.8,0.2,14.5,43.2,68.54166667,Ward 57,Entire townhouse,Entire home/apt,f,1500.0,4.29,,,
2735215,1112909475447683320,2024-03-15,24.2,12.2,25.9,11.7,0.0,15.3,45.0,78.41666667,Ward 61,Entire home,Entire home/apt,t,2550.0,4.42,,,
2735215,1119398020454330546,2024-03-24,21.5,15.1,20.2,14.5,0.0,20.3,65.9,68.875,Ward 61,Entire home,Entire home/apt,t,2550.0,4.75,,,
2765720,1115101606607341099,2024-03-18,31.6,15.2,33.0,15.3,0.0,19.6,52.2,66.45833333,Ward 74,Entire home,Entire home/apt,f,3104.0,4.72,,,
1945888,1105009031653874377,2024-03-04,18.8,15.3,19.8,15.5,18.5,18.5,57.2,89.95833333,Ward 54,Entire rental unit,Entire home/apt,t,1080.0,3.99,,,
1948161,1104957383982705037,2024-03-04,18.8,15.3,19.8,15.5,18.5,18.5,57.2,89.95833333,Ward 77,Entire rental unit,Entire home/apt,t,950.0,4.71,,,
1948161,1120945347437028308,2024-03-26,24.2,15.6,24.0,14.9,0.1,29.2,81.4,78.41666667,Ward 77,Entire rental unit,Entire home/apt,t,950.0,4.82,,,
1992333,1104235864019591683,2024-03-03,27.4,18.4,27.7,15.9,0.0,31.1,92.5,72.91666667,Ward 23,Entire rental unit,Entire home/apt,,,4.4,,,
1992333,1111515359827625248,2024-03-13,24.0,15.5,23.0,15.7,0.0,19.9,58.0,66.125,Ward 23,Entire rental unit,Entire home/apt,,,4.7,,,
2845124,1104185869710928526,2024-03-03,27.4,18.4,27.7,15.9,0.0,31.1,92.5,72.91666667,Ward 64,Entire home,Entire home/apt,f,1530.0,4.79,,,
2845124,1114372783304146061,2024-03-17,27.7,15.8,27.0,12.9,0.0,33.6,92.5,61.5,Ward 64,Entire home,Entire home/apt,f,1530.0,4.95,,,
2845124,1120124388760734010,2024-03-25,22.3,15.3,22.3,13.9,0.0,21.4,62.3,77.79166667,Ward 64,Entire home,Entire home/apt,f,1530.0,4.76,,,
2845124,1122303212870624272,2024-03-28,22.4,15.7,21.2,13.8,0.0,33.1,91.8,79.33333333,Ward 64,Entire home,Entire home/apt,f,1530.0,4.65,,,
2864973,1121665891291849891,2024-03-27,23.8,16.4,22.9,12.9,0.0,31.1,85.3,74.375,Ward 61,Entire rental unit,Entire home/apt,f,2715.0,4.4,,,
2878153,1115770982745900910,2024-03-19,26.8,17.4,27.6,16.0,0.0,29.3,74.9,77.375,Ward 74,Entire home,Entire home/apt,f,1250.0,4.89,,,
2895692,1103455347842884241,2024-03-02,25.9,17.5,26.0,14.2,0.0,38.9,106.6,79.29166667,Ward 115,Entire condo,Entire home/apt,f,,4.6,,,
2895692,1109997266155317959,2024-03-11,30.9,15.5,34.2,15.9,0.0,25.6,66.2,71.125,Ward 115,Entire condo,Entire home/apt,f,,4.3,,,
2000857,1123848827075313590,2024-03-30,33.8,15.2,34.8,15.1,0.0,17.4,46.8,58.75,Ward 54,Entire rental unit,Entire home/apt,f,,4.89,,,
2015634,1117278918781259813,2024-03-21,33.5,17.7,35.1,19.3,0.0,8.1,28.4,58.875,Ward 54,Entire villa,Entire home/apt,f,9900.0,4.9,,,
2015634,1120899766038601661,2024-03-26,24.2,15.6,24.0,14.9,0.1,29.2,81.4,78.41666667,Ward 54,Entire villa,Entire home/apt,f,9900.0,4.74,,,
3014209,1102722160311466575,2024-03-01,23.4,15.8,25.7,16.2,0.0,18.0,51.5,83.0,Ward 64,Entire cottage,Entire home/apt,t,1705.0,4.58,,,
3014209,1109971611274628607,2024-03-11,30.9,15.5,34.2,15.9,0.0,25.6,66.2,71.125,Ward 64,Entire cottage,Entire home/apt,t,1705.0,4.87,,,
3014209,1115082570057570428,2024-03-18,31.6,15.2,33.0,15.3,0.0,19.6,52.2,66.45833333,Ward 64,Entire cottage,Entire home/apt,t,1705.0,4.48,,,
3014209,1121588230071582160,2024-03-27,23.8,16.4,22.9,12.9,0.0,31.1,85.3,74.375,Ward 64,Entire cottage,Entire home/apt,t,1705.0,4.73,,,
3015300,1118742314128624553,2024-03-23,20.7,14.5,20.2,14.9,0.0,16.0,45.0,72.91666667,Ward 61,Entire home,Entire home/apt,t,5000.0,4.66,,,
3015300,1124485936931495579,2024-03-31,19.4,15.1,19.4,14.9,2.7,22.8,76.0,89.58333333,Ward 61,Entire home,Entire home/apt,t,5000.0,4.77,,,
2051863,1107153046577546885,2024-03-07,21.8,13.2,20.0,12.9,0.0,24.1,76.0,77.95833333,Ward 54,Entire guest suite,Entire home/apt,t,1947.0,4.72,,,
2053265,1105711089058168372,2024-03-05,23.0,15.1,23.4,14.8,0.2,14.5,43.2,68.54166667,Ward 115,Entire rental unit,Entire home/apt,t,605.0,4.59,,,
2053265,1110063022058246357,2024-03-11,30.9,15.5,34.2,15.9,0.0,25.6,66.2,71.125,Ward 115,Entire rental unit,Entire home/apt,t,605.0,3.83,,,
2053265,1117284312110210621,2024-03-21,33.5,17.7,35.1,19.3,0.0,8.1,28.4,58.875,Ward 115,Entire rental unit,Entire home/apt,t,605.0,4.84,,,
3024048,1102786758256104239,2024-03-01,23.4,15.8,25.7,16.2,0.0,18.0,51.5,83.0,Ward 77,Entire home,Entire home/apt,f,,4.88,,,
3024048,1118703045730543474,2024-03-23,20.7,14.5,20.2,14.9,0.0,16.0,45.0,72.91666667,Ward 77,Entire home,Entire home/apt,f,,4.38,,,
3024048,1123853410747822726,2024-03-30,33.8,15.2,34.8,15.1,0.0,17.4,46.8,58.75,Ward 77,Entire home,Entire home/apt,f,,4.55,,,
2080138,1103525129541261578,2024-03-02,25.9,17.5,26.0,14.2,0.0,38.9,106.6,79.29166667,Ward 115,Entire loft,Entire home/apt,f,2630.0,4.67,,,
2080138,1106382259388485473,2024-03-06,24.3,14.4,25.4,13.1,0.0,14.2,40.7,67.0,Ward 115,Entire loft,Entire home/apt,f,2630.0,4.66,,,
2080138,1107130675722037324,2024-03-07,21.8,13.2,20.0,12.9,0.0,24.1,76.0,77.95833333,Ward 115,Entire loft,Entire home/apt,f,2630.0,4.66,,,
2080138,1109984751071409133,2024-03-11,30.9,15.5,34.2,15.9,0.0,25.6,66.2,71.125,Ward 115,Entire loft,Entire home/apt,f,2630.0,4.56,,,
2080138,1116572248466687852,2024-03-20,34.5,17.8,36.7,18.9,0.0,15.8,43.2,66.5,Ward 115,Entire loft,Entire home/apt,f,2630.0,4.57,,,
2080138,1120956046885827143,2024-03-26,24.2,15.6,24.0,14.9,0.1,29.2,81.4,78.41666667,Ward 115,Entire loft,Entire home/apt,f,2630.0,4.85,,,
3030455,1117959420451758756,2024-03-22,23.2,15.4,23.6,16.7,2.1,15.8,47.9,85.375,Ward 54,Entire rental unit,Entire home/apt,t,2600.0,4.08,,,
3033914,1119400901955316466,2024-03-24,21.5,15.1,20.2,14.5,0.0,20.3,65.9,68.875,Ward 54,Entire home,Entire home/apt,t,23643.0,4.9,,,
3047690,1110065915718869408,2024-03-11,30.9,15.5,34.2,15.9,0.0,25.6,66.2,71.125,Ward 74,Entire cottage,Entire home/apt,t,2300.0,4.93,,,
2080336,1115766915464960005,2024-03-19,26.8,17.4,27.6,16.0,0.0,29.3,74.9,77.375,Ward 54,Entire rental unit,Entire home/apt,t,723.0,4.9,,,
3057403,1107843814384038842,2024-03-08,23.6,16.7,25.1,17.2,1.7,18.1,55.8,81.125,Ward 54,Entire rental unit,Entire home/apt,t,2532.0,4.88,,,
3057403,1112178373280250677,2024-03-14,24.7,16.5,25.5,15.2,0.0,21.7,56.9,68.20833333,Ward 54,Entire rental unit,Entire home/apt,t,2532.0,4.52,,,
3057403,1117268373550640879,2024-03-21,33.5,17.7,35.1,19.3,0.0,8.1,28.4,58.875,Ward 54,Entire rental unit,Entire home/apt,t,2532.0,4.61,,,
3057403,1124506123425879261,2024-03-31,19.4,15.1,19.4,14.9,2.7,22.8,76.0,89.58333333,Ward 54,Entire rental unit,Entire home/apt,t,2532.0,4.34,,,
2080372,1111532435278751257,2024-03-13,24.0,15.5,23.0,15.7,0.0,19.9,58.0,66.125,Ward 115,Entire loft,Entire home/apt,f,1044.0,4.29,,,
2080372,1120149716752556027,2024-03-25,22.3,15.3,22.3,13.9,0.0,21.4,62.3,77.79166667,Ward 115,Entire loft,Entire home/apt,f,1044.0,4.8,,,
3082554,1112919972660434832,2024-03-15,24.2,12.2,25.9,11.7,0.0,15.3,45.0,78.41666667,Ward 54,Entire home,Entire home/apt,t,3273.0,4.65,,,
3082554,1120181801677607326,2024-03-25,22.3,15.3,22.3,13.9,0.0,21.4,62.3,77.79166667,Ward 54,Entire home,Entire home/apt,t,3273.0,4.9,,,
3096547,1108586454232532794,2024-03-09,24.8,16.8,26.8,16.0,0.0,21.1,57.2,74.875,Ward 54,Entire rental unit,Entire home/apt,t,2643.0,3.51,,,
2112960,1109287934623453409,2024-03-10,24.8,17.2,24.9,15.4,0.0,27.4,69.5,72.875,Ward 61,Entire home,Entire home/apt,f,12995.0,4.74,,,
2112960,1123083714949451106,2024-03-29,24.3,16.9,23.5,13.6,0.0,30.7,88.9,67.875,Ward 61,Entire home,Entire home/apt,f,12995.0,4.8,,,
2147358,1104240848898397720,2024-03-03,27.4,18.4,27.7,15.9,0.0,31.1,92.5,72.91666667,Ward 54,Entire rental unit,Entire home/apt,t,1219.0,4.47,,,
3161617,1107177257173977033,2024-03-07,21.8,13.2,20.0,12.9,0.0,24.1,76.0,77.95833333,Ward 61,Entire villa,Entire home/apt,t,4000.0,4.69,,,
3161617,1111471015523035942,2024-03-13,24.0,15.5,23.0,15.7,0.0,19.9,58.0,66.125,Ward 61,Entire villa,Entire home/apt,t,4000.0,4.81,,,
3161617,1119457204262674432,2024-03-24,21.5,15.1,20.2,14.5,0.0,20.3,65.9,68.875,Ward 61,Entire villa,Entire home/apt,t,4000.0,4.01,,,
2166889,1111416837186064070,2024-03-13,24.0,15.5,23.0,15.7,0.0,19.9,58.0,66.125,Ward 54,Entire villa,Entire home/apt,t,6329.0,4.29,,,
2179981,1116559859497945107,2024-03-20,34.5,17.8,36.7,18.9,0.0,15.8,43.2,66.5,Ward 54,Entire rental unit,Entire home/apt,f,1683.0,4.37,,,
2179981,1121583462348288069,2024-03-27,23.8,16.4,22.9,12.9,0.0,31.1,85.3,74.375,Ward 54,Entire rental unit,Entire home/apt,f,1683.0,4.59,,,
3201567,1112201047787844483,2024-03-14,24.7,16.5,25.5,15.2,0.0,21.7,56.9,68.20833333,Ward 4,Private room in guest suite,Private room,f,713.0,4.91,,,
3221642,1107066628233725883,2024-03-07,21.8,13.2,20.0,12.9,0.0,24.1,76.0,77.95833333,Ward 64,Private room in home,Private room,t,380.0,4.88,,,
3221642,1123064261191108694,2024-03-29,24.3,16.9,23.5,13.6,0.0,30.7,88.9,67.875,Ward 64,Private room in home,Private room,t,380.0,4.69,,,
2185497,1106362725464921789,2024-03-06,24.3,14.4,25.4,13.1,0.0,14.2,40.7,67.0,Ward 115,Entire rental unit,Entire home/apt,t,836.0,4.49,,,
2185497,1115862406629925527,2024-03-19,26.8,17.4,27.6,16.0,0.0,29.3,74.9,77.375,Ward 115,Entire rental unit,Entire home/apt,t,836.0,4.75,,,
3259518,1107905094352773490,2024-03-08,23.6,16.7,25.1,17.2,1.7,18.1,55.8,81.125,Ward 55,Entire condo,Entire home/apt,t,1025.0,4.81,,,
3259518,1111479750039549446,2024-03-13,24.0,15.5,23.0,15.7,0.0,19.9,58.0,66.125,Ward 55,Entire condo,Entire home/apt,t,1025.0,4.56,,,
3259518,1114386515215229471,2024-03-17,27.7,15.8,27.0,12.9,0.0,33.6,92.5,61.5,Ward 55,Entire condo,Entire home/apt,t,1025.0,4.88,,,
3259518,1116523376410219055,2024-03-20,34.5,17.8,36.7,18.9,0.0,15.8,43.2,66.5,Ward 55,Entire condo,Entire home/apt,t,1025.0,4.82,,,
3259518,1120174378950745934,2024-03-25,22.3,15.3,22.3,13.9,0.0,21.4,62.3,77.79166667,Ward 55,Entire condo,Entire home/apt,t,1025.0,4.96,,,
3265646,1104191420179380363,2024-03-03,27.4,18.4,27.7,15.9,0.0,31.1,92.5,72.91666667,Ward 62,Entire guesthouse,Entire home/apt,t,1650.0,4.37,,,
3265646,1110773989248490057,2024-03-12,25.4,17.4,26.0,18.4,0.2,17.3,51.1,77.41666667,Ward 62,Entire guesthouse,Entire home/apt,t,1650.0,4.67,,,
3267712,1118056326984248722,2024-03-22,23.2,15.4,23.6,16.7,2.1,15.8,47.9,85.375,Ward 64,Entire cottage,Entire home/apt,t,1454.0,4.8,,,
3267712,1123792055405191745,2024-03-30,33.8,15.2,34.8,15.1,0.0,17.4,46.8,58.75,Ward 64,Entire cottage,Entire home/apt,t,1454.0,3.79,,,
2224057,1103457586846895943,2024-03-02,25.9,17.5,26.0,14.2,0.0,38.9,106.6,79.29166667,Ward 77,Entire guest suite,Entire home/apt,t,845.0,4.95,,,
2224057,1106437020860660195,2024-03-06,24.3,14.4,25.4,13.1,0.0,14.2,40.7,67.0,Ward 77,Entire guest suite,Entire home/apt,t,845.0,4.77,,,
2224057,1117988645255142744,2024-03-22,23.2,15.4,23.6,16.7,2.1,15.8,47.9,85.375,Ward 77,Entire guest suite,Entire home/apt,t,845.0,4.38,,,
2224057,1122334829446782688,2024-03-28,22.4,15.7,21.2,13.8,0.0,33.1,91.8,79.33333333,Ward 77,Entire guest suite,Entire home/apt,t,845.0,4.68,,,
3277357,1104935274625057910,2024-03-04,18.8,15.3,19.8,15.5,18.5,18.5,57.2,89.95833333,Ward 77,Entire rental unit,Entire home/apt,,1388.0,4.81,,,
3277357,1107820133860961304,2024-03-08,23.6,16.7,25.1,17.2,1.7,18.1,55.8,81.125,Ward 77,Entire rental unit,Entire home/apt,,1388.0,4.69,,,
2229515,1105616632141721788,2024-03-05,23.0,15.1,23.4,14.8,0.2,14.5,43.2,68.54166667,Ward 115,Entire rental unit,Entire home/apt,f,1000.0,4.86,,,
2229515,1112888722151357039,2024-03-15,24.2,12.2,25.9,11.7,0.0,15.3,45.0,78.41666667,Ward 115,Entire rental unit,Entire home/apt,f,1000.0,4.85,,,
3318572,1105712404677767719,2024-03-05,23.0,15.1,23.4,14.8,0.2,14.5,43.2,68.54166667,Ward 77,Entire condo,Entire home/apt,t,1062.0,4.65,,,
3318572,1124549623270379035,2024-03-31,19.4,15.1,19.4,14.9,2.7,22.8,76.0,89.58333333,Ward 77,Entire condo,Entire home/apt,t,1062.0,4.67,,,
2252203,1103458218658601012,2024-03-02,25.9,17.5,26.0,14.2,0.0,38.9,106.6,79.29166667,Ward 54,Entire home,Entire home/apt,t,7715.0,3.11,,,
2252203,1108532223763528000,2024-03-09,24.8,16.8,26.8,16.0,0.0,21.1,57.2,74.875,Ward 54,Entire home,Entire home/apt,t,7715.0,4.42,,,
2252203,1112155884813667041,2024-03-14,24.7,16.5,25.5,15.2,0.0,21.7,56.9,68.20833333,Ward 54,Entire home,Entire home/apt,t,7715.0,4.84,,,
3338147,1108599452926782218,2024-03-09,24.8,16.8,26.8,16.0,0.0,21.1,57.2,74.875,Ward 77,Private room in rental unit,Private room,f,467.0,4.86,,,
3338147,1124537470116996298,2024-03-31,19.4,15.1,19.4,14.9,2.7,22.8,76.0,89.58333333,Ward 77,Private room in rental unit,Private room,f,467.0,4.76,,,
3341621,1124499979103025437,2024-03-31,19.4,15.1,19.4,14.9,2.7,22.8,76.0,89.58333333,Ward 115,Entire condo,Entire home/apt,t,1885.0,4.85,,,
2286781,1103526827061100452,2024-03-02,25.9,17.5,26.0,14.2,0.0,38.9,106.6,79.29166667,Ward 54,Entire rental unit,Entire home/apt,f,1943.0,3.2,,,
2286781,1106420346161752810,2024-03-06,24.3,14.4,25.4,13.1,0.0,14.2,40.7,67.0,Ward 54,Entire rental unit,Entire home/apt,f,1943.0,4.18,,,
2286781,1112241606909344216,2024-03-14,24.7,16.5,25.5,15.2,0.0,21.7,56.9,68.20833333,Ward 54,Entire rental unit,Entire home/apt,f,1943.0,4.74,,,
2286781,1120168842440332158,2024-03-25,22.3,15.3,22.3,13.9,0.0,21.4,62.3,77.79166667,Ward 54,Entire rental unit,Entire home/apt,f,1943.0,4.92,,,
3358490,1103444042154645910,2024-03-02,25.9,17.5,26.0,14.2,0.0,38.9,106.6,79.29166667,Ward 77,Entire rental unit,Entire home/apt,t,898.0,4.87,,,
3358490,1109998026912556638,2024-03-11,30.9,15.5,34.2,15.9,0.0,25.6,66.2,71.125,Ward 77,Entire rental unit,Entire home/apt,t,898.0,4.89,,,
3358490,1111495549126883108,2024-03-13,24.0,15.5,23.0,15.7,0.0,19.9,58.0,66.125,Ward 77,Entire rental unit,Entire home/apt,t,898.0,4.87,,,
3358490,1117323308013213444,2024-03-21,33.5,17.7,35.1,19.3,0.0,8.1,28.4,58.875,Ward 77,Entire rental unit,Entire home/apt,t,898.0,4.51,,,
3358490,1124563540964461636,2024-03-31,19.4,15.1,19.4,14.9,2.7,22.8,76.0,89.58333333,Ward 77,Entire rental unit,Entire home/apt,t,898.0,4.43,,,
2309049,1105640885931769836,2024-03-05,23.0,15.1,23.4,14.8,0.2,14.5,43.2,68.54166667,Ward 54,Entire home,Entire home/apt,t,4797.0,4.65,,,
2309049,1108634540318137039,2024-03-09,24.8,16.8,26.8,16.0,0.0,21.1,57.2,74.875,Ward 54,Entire home,Entire home/apt,t,4797.0,4.81,,,
2309049,1111525197646293301,2024-03-13,24.0,15.5,23.0,15.7,0.0,19.9,58.0,66.125,Ward 54,Entire home,Entire home/apt,t,4797.0,4.67,Wind,"Maureen is excellent is an communicator.<br/>Quite frankly, just relaxing at her home was one of the best parts of our vacation in Cape Town.....with the lovely view and breeze from the ocean on one side and view of the mountains on the other.",4.49
2309049,1122338284132908174,2024-03-28,22.4,15.7,21.2,13.8,0.0,33.1,91.8,79.33333333,Ward 54,Entire home,Entire home/apt,t,4797.0,4.96,,,
2309049,1123792198718757228,2024-03-30,33.8,15.2,34.8,15.1,0.0,17.4,46.8,58.75,Ward 54,Entire home,Entire home/apt,t,4797.0,4.69,,,
2321768,1123016108278147611,2024-03-29,24.3,16.9,23.5,13.6,0.0,30.7,88.9,67.875,Ward 62,Entire home,Entire home/apt,t,2364.0,4.79,,,
2347927,1105706477204862013,2024-03-05,23.0,15.1,23.4,14.8,0.2,14.5,43.2,68.54166667,Ward 115,Private room in townhouse,Private room,f,460.0,4.38,,,
2347927,1109996047570827021,2024-03-11,30.9,15.5,34.2,15.9,0.0,25.6,66.2,71.125,Ward 115,Private room in townhouse,Private room,f,460.0,4.16,,,
2347927,1113590706374361414,2024-03-16,22.0,16.5,20.1,12.8,0.2,35.0,94.0,70.04166667,Ward 115,Private room in townhouse,Private room,f,460.0,4.43,,,
2347927,1121617071535447319,2024-03-27,23.8,16.4,22.9,12.9,0.0,31.1,85.3,74.375,Ward 115,Private room in townhouse,Private room,f,460.0,4.87,,,
2350003,1102820256647898487,2024-03-01,23.4,15.8,25.7,16.2,0.0,18.0,51.5,83.0,Ward 77,Entire home,Entire home/apt,t,2854.0,4.47,Heat,The only small downside might be the ground floor bedroom which is a bit dark and does not have AC which is needed on a few of the hotter summer nights.,3.43
3589058,1106437141636650410,2024-03-06,24.3,14.4,25.4,13.1,0.0,14.2,40.7,67.0,Ward 77,Entire townhouse,Entire home/apt,f,1277.0,3.85,,,
3589058,1110708678686853760,2024-03-12,25.4,17.4,26.0,18.4,0.2,17.3,51.1,77.41666667,Ward 77,Entire townhouse,Entire home/apt,f,1277.0,4.29,,,
3607015,1102769786187376996,2024-03-01,23.4,15.8,25.7,16.2,0.0,18.0,51.5,83.0,Ward 54,Private room in rental unit,Private room,t,619.0,4.52,,,
3607015,1105654963640100140,2024-03-05,23.0,15.1,23.4,14.8,0.2,14.5,43.2,68.54166667,Ward 54,Private room in rental unit,Private room,t,619.0,4.92,,,
3607015,1110059447631998028,2024-03-11,30.9,15.5,34.2,15.9,0.0,25.6,66.2,71.125,Ward 54,Private room in rental unit,Private room,t,619.0,4.8,,,
3607015,1123800228636230529,2024-03-30,33.8,15.2,34.8,15.1,0.0,17.4,46.8,58.75,Ward 54,Private room in rental unit,Private room,t,619.0,4.7,,,
2370212,1103505866183853181,2024-03-02,25.9,17.5,26.0,14.2,0.0,38.9,106.6,79.29166667,Ward 115,Entire loft,Entire home/apt,t,1209.0,4.21,,,
2370212,1112171071049370669,2024-03-14,24.7,16.5,25.5,15.2,0.0,21.7,56.9,68.20833333,Ward 115,Entire loft,Entire home/apt,t,1209.0,4.72,,,
2378969,1109351699167661437,2024-03-10,24.8,17.2,24.9,15.4,0.0,27.4,69.5,72.875,Ward 54,Entire guest suite,Entire home/apt,t,2593.0,3.29,,,
2378969,1120152532558797541,2024-03-25,22.3,15.3,22.3,13.9,0.0,21.4,62.3,77.79166667,Ward 54,Entire guest suite,Entire home/apt,t,2593.0,4.34,,,
2401492,1113669673187722470,2024-03-16,22.0,16.5,20.1,12.8,0.2,35.0,94.0,70.04166667,Ward 61,Entire home,Entire home/apt,t,2308.0,4.71,,,
2402624,1112160394397854272,2024-03-14,24.7,16.5,25.5,15.2,0.0,21.7,56.9,68.20833333,Ward 23,Entire rental unit,Entire home/apt,t,1595.0,4.53,,,
2402624,1122362135386426435,2024-03-28,22.4,15.7,21.2,13.8,0.0,33.1,91.8,79.33333333,Ward 23,Entire rental unit,Entire home/apt,t,1595.0,4.77,,,
3677171,1124459755600463489,2024-03-31,19.4,15.1,19.4,14.9,2.7,22.8,76.0,89.58333333,Ward 77,Private room in home,Private room,,550.0,4.42,,,
2442614,1106444788085612855,2024-03-06,24.3,14.4,25.4,13.1,0.0,14.2,40.7,67.0,Ward 64,Entire guesthouse,Entire home/apt,t,2020.0,4.88,,,
2442614,1110722268379905947,2024-03-12,25.4,17.4,26.0,18.4,0.2,17.3,51.1,77.41666667,Ward 64,Entire guesthouse,Entire home/apt,t,2020.0,4.92,,,
2442838,1104975639749308323,2024-03-04,18.8,15.3,19.8,15.5,18.5,18.5,57.2,89.95833333,Ward 23,Entire rental unit,Entire home/apt,t,1595.0,3.95,,,
2442838,1122388663831746167,2024-03-28,22.4,15.7,21.2,13.8,0.0,33.1,91.8,79.33333333,Ward 23,Entire rental unit,Entire home/apt,t,1595.0,4.83,,,
3735272,1107154811390604008,2024-03-07,21.8,13.2,20.0,12.9,0.0,24.1,76.0,77.95833333,Ward 62,Entire home,Entire home/apt,f,2000.0,4.08,,,
3740207,1111493363929330468,2024-03-13,24.0,15.5,23.0,15.7,0.0,19.9,58.0,66.125,Ward 74,Entire cottage,Entire home/apt,t,950.0,4.9,Cold,"It has a big pool that is in direct sunlight all day, so pool is always never too cold.",4.09
3740207,1121583101479665863,2024-03-27,23.8,16.4,22.9,12.9,0.0,31.1,85.3,74.375,Ward 74,Entire cottage,Entire home/apt,t,950.0,3.39,,,
3749105,1112912100170091476,2024-03-15,24.2,12.2,25.9,11.7,0.0,15.3,45.0,78.41666667,Ward 115,Entire condo,Entire home/apt,t,,3.96,,,
3749105,1123028350721757279,2024-03-29,24.3,16.9,23.5,13.6,0.0,30.7,88.9,67.875,Ward 115,Entire condo,Entire home/apt,t,,4.85,,,
2446152,1103448739483216117,2024-03-02,25.9,17.5,26.0,14.2,0.0,38.9,106.6,79.29166667,Ward 77,Private room in home,Private room,,472.0,4.71,,,
2446152,1108539328947938610,2024-03-09,24.8,16.8,26.8,16.0,0.0,21.1,57.2,74.875,Ward 77,Private room in home,Private room,,472.0,4.66,,,
2446152,1123784204727932131,2024-03-30,33.8,15.2,34.8,15.1,0.0,17.4,46.8,58.75,Ward 77,Private room in home,Private room,,472.0,4.32,,,
3756239,1123766866428047270,2024-03-30,33.8,15.2,34.8,15.1,0.0,17.4,46.8,58.75,Ward 54,Entire place,Entire home/apt,f,605.0,4.72,,,
3773489,1112188865779909269,2024-03-14,24.7,16.5,25.5,15.2,0.0,21.7,56.9,68.20833333,Ward 54,Entire rental unit,Entire home/apt,f,1385.0,4.62,,,
3789150,1124544270921668760,2024-03-31,19.4,15.1,19.4,14.9,2.7,22.8,76.0,89.58333333,Ward 23,Entire home,Entire home/apt,t,2562.0,4.77,,,
3790952,1108665170206254434,2024-03-09,24.8,16.8,26.8,16.0,0.0,21.1,57.2,74.875,Ward 64,Entire guest suite,Entire home/apt,f,737.0,1.99,,,
2468991,1114427562265145188,2024-03-17,27.7,15.8,27.0,12.9,0.0,33.6,92.5,61.5,Ward 77,Entire home,Entire home/apt,t,2479.0,4.97,,,
3799507,1109356967406309914,2024-03-10,24.8,17.2,24.9,15.4,0.0,27.4,69.5,72.875,Ward 77,Entire bungalow,Entire home/apt,t,1624.0,4.76,,,
3799507,1119489567527740322,2024-03-24,21.5,15.1,20.2,14.5,0.0,20.3,65.9,68.875,Ward 77,Entire bungalow,Entire home/apt,t,1624.0,4.81,,,
3799507,1123073111783605662,2024-03-29,24.3,16.9,23.5,13.6,0.0,30.7,88.9,67.875,Ward 77,Entire bungalow,Entire home/apt,t,1624.0,4.9,,,
3855078,1120870588168641758,2024-03-26,24.2,15.6,24.0,14.9,0.1,29.2,81.4,78.41666667,Ward 3,Entire guesthouse,Entire home/apt,t,463.0,4.57,,,
3911634,1102824432108077420,2024-03-01,23.4,15.8,25.7,16.2,0.0,18.0,51.5,83.0,Ward 77,Entire rental unit,Entire home/apt,t,1858.0,4.83,,,
3911634,1106346726184312882,2024-03-06,24.3,14.4,25.4,13.1,0.0,14.2,40.7,67.0,Ward 77,Entire rental unit,Entire home/apt,t,1858.0,4.94,,,
3911634,1115140159676067327,2024-03-18,31.6,15.2,33.0,15.3,0.0,19.6,52.2,66.45833333,Ward 77,Entire rental unit,Entire home/apt,t,1858.0,4.84,,,
3911634,1123795703475198553,2024-03-30,33.8,15.2,34.8,15.1,0.0,17.4,46.8,58.75,Ward 77,Entire rental unit,Entire home/apt,t,1858.0,4.65,,,
2522313,1104984526459139206,2024-03-04,18.8,15.3,19.8,15.5,18.5,18.5,57.2,89.95833333,Ward 115,Entire rental unit,Entire home/apt,,820.0,4.53,,,
2522313,1110082291331187038,2024-03-11,30.9,15.5,34.2,15.9,0.0,25.6,66.2,71.125,Ward 115,Entire rental unit,Entire home/apt,,820.0,4.7,,,
2522313,1117252426818956490,2024-03-21,33.5,17.7,35.1,19.3,0.0,8.1,28.4,58.875,Ward 115,Entire rental unit,Entire home/apt,,820.0,4.08,,,
3936849,1106342573486755042,2024-03-06,24.3,14.4,25.4,13.1,0.0,14.2,40.7,67.0,Ward 115,Entire rental unit,Entire home/apt,t,986.0,4.91,,,
3936849,1124488122581430540,2024-03-31,19.4,15.1,19.4,14.9,2.7,22.8,76.0,89.58333333,Ward 115,Entire rental unit,Entire home/apt,t,986.0,4.95,,,
2529479,1111447286110157693,2024-03-13,24.0,15.5,23.0,15.7,0.0,19.9,58.0,66.125,Ward 71,Entire guest suite,Entire home/apt,t,1400.0,4.76,,,
2529479,1113674896859278561,2024-03-16,22.0,16.5,20.1,12.8,0.2,35.0,94.0,70.04166667,Ward 71,Entire guest suite,Entire home/apt,t,1400.0,4.01,,,
2529479,1116573772388232417,2024-03-20,34.5,17.8,36.7,18.9,0.0,15.8,43.2,66.5,Ward 71,Entire guest suite,Entire home/apt,t,1400.0,4.79,,,
2561893,1115041830805295617,2024-03-18,31.6,15.2,33.0,15.3,0.0,19.6,52.2,66.45833333,Ward 54,Entire rental unit,Entire home/apt,t,10572.0,4.91,,,
2577347,1118015148355691118,2024-03-22,23.2,15.4,23.6,16.7,2.1,15.8,47.9,85.375,Ward 61,Entire cottage,Entire home/apt,f,6512.0,4.81,,,
2594794,1113653904268805110,2024-03-16,22.0,16.5,20.1,12.8,0.2,35.0,94.0,70.04166667,Ward 115,Entire villa,Entire home/apt,,3090.0,4.93,,,
2594794,1120838966390158164,2024-03-26,24.2,15.6,24.0,14.9,0.1,29.2,81.4,78.41666667,Ward 115,Entire villa,Entire home/apt,,3090.0,4.8,,,
2598290,1123854518972222487,2024-03-30,33.8,15.2,34.8,15.1,0.0,17.4,46.8,58.75,Ward 62,Entire guest suite,Entire home/apt,f,932.0,4.73,,,
3969690,1103443007500751164,2024-03-02,25.9,17.5,26.0,14.2,0.0,38.9,106.6,79.29166667,Ward 55,Entire loft,Entire home/apt,t,880.0,4.11,,,
3973020,1105004460511188545,2024-03-04,18.8,15.3,19.8,15.5,18.5,18.5,57.2,89.95833333,Ward 61,Entire villa,Entire home/apt,t,5355.0,4.63,,,
3973020,1107067712742839874,2024-03-07,21.8,13.2,20.0,12.9,0.0,24.1,76.0,77.95833333,Ward 61,Entire villa,Entire home/apt,t,5355.0,4.83,Cold,"You cab definitely stay a week and go for sightseeing, sports, chill.<br/>The house is really great, I love what the did with it.",4.66
3973020,1110734093428339273,2024-03-12,25.4,17.4,26.0,18.4,0.2,17.3,51.1,77.41666667,Ward 61,Entire villa,Entire home/apt,t,5355.0,4.92,,,
3973020,1120216404534667120,2024-03-25,22.3,15.3,22.3,13.9,0.0,21.4,62.3,77.79166667,Ward 61,Entire villa,Entire home/apt,t,5355.0,4.82,,,
2635024,1106366622982729792,2024-03-06,24.3,14.4,25.4,13.1,0.0,14.2,40.7,67.0,Ward 77,Entire condo,Entire home/apt,f,990.0,4.9,,,
2635024,1114355298313777070,2024-03-17,27.7,15.8,27.0,12.9,0.0,33.6,92.5,61.5,Ward 77,Entire condo,Entire home/apt,f,990.0,4.85,,,
3973830,1103500690148580977,2024-03-02,25.9,17.5,26.0,14.2,0.0,38.9,106.6,79.29166667,Ward 61,Entire villa,Entire home/apt,t,4099.0,4.9,,,
3973830,1120177590434586302,2024-03-25,22.3,15.3,22.3,13.9,0.0,21.4,62.3,77.79166667,Ward 61,Entire villa,Entire home/apt,t,4099.0,4.71,,,
3975291,1106390741113329567,2024-03-06,24.3,14.4,25.4,13.1,0.0,14.2,40.7,67.0,Ward 54,Entire rental unit,Entire home/apt,t,1373.0,4.82,,,
3975291,1114390734589127816,2024-03-17,27.7,15.8,27.0,12.9,0.0,33.6,92.5,61.5,Ward 54,Entire rental unit,Entire home/apt,t,1373.0,4.78,,,
3975291,1118685236163454829,2024-03-23,20.7,14.5,20.2,14.9,0.0,16.0,45.0,72.91666667,Ward 54,Entire rental unit,Entire home/apt,t,1373.0,4.63,,,
2646412,1109329278530940959,2024-03-10,24.8,17.2,24.9,15.4,0.0,27.4,69.5,72.875,Ward 54,Entire guest suite,Entire home/apt,t,1836.0,4.9,,,
2646412,1117248685420347913,2024-03-21,33.5,17.7,35.1,19.3,0.0,8.1,28.4,58.875,Ward 54,Entire guest suite,Entire home/apt,t,1836.0,4.84,,,
2646412,1120198531588678603,2024-03-25,22.3,15.3,22.3,13.9,0.0,21.4,62.3,77.79166667,Ward 54,Entire guest suite,Entire home/apt,t,1836.0,4.9,,,
2646412,1121570586007533840,2024-03-27,23.8,16.4,22.9,12.9,0.0,31.1,85.3,74.375,Ward 54,Entire guest suite,Entire home/apt,t,1836.0,4.8,,,
3975291,1121601175115743502,2024-03-27,23.8,16.4,22.9,12.9,0.0,31.1,85.3,74.375,Ward 54,Entire rental unit,Entire home/apt,t,1373.0,4.4,,,
4014789,1103507625588191712,2024-03-02,25.9,17.5,26.0,14.2,0.0,38.9,106.6,79.29166667,Ward 115,Entire condo,Entire home/apt,t,,4.38,,,
4014789,1107079049258489685,2024-03-07,21.8,13.2,20.0,12.9,0.0,24.1,76.0,77.95833333,Ward 115,Entire condo,Entire home/apt,t,,4.91,,,
4014789,1120837455464618833,2024-03-26,24.2,15.6,24.0,14.9,0.1,29.2,81.4,78.41666667,Ward 115,Entire condo,Entire home/apt,t,,4.77,,,
2655966,1105725828838462170,2024-03-05,23.0,15.1,23.4,14.8,0.2,14.5,43.2,68.54166667,Ward 54,Entire guest suite,Entire home/apt,t,5360.0,4.67,,,
2655966,1108594359029367592,2024-03-09,24.8,16.8,26.8,16.0,0.0,21.1,57.2,74.875,Ward 54,Entire guest suite,Entire home/apt,t,5360.0,4.75,Heat,The small pool also offered a good dip on the hot days.,4.03
2655966,1117322608964188159,2024-03-21,33.5,17.7,35.1,19.3,0.0,8.1,28.4,58.875,Ward 54,Entire guest suite,Entire home/apt,t,5360.0,4.91,,,
4043468,1105706053524248543,2024-03-05,23.0,15.1,23.4,14.8,0.2,14.5,43.2,68.54166667,Ward 74,Entire cottage,Entire home/apt,f,3650.0,4.89,,,
4043468,1110041789476088117,2024-03-11,30.9,15.5,34.2,15.9,0.0,25.6,66.2,71.125,Ward 74,Entire cottage,Entire home/apt,f,3650.0,4.86,,,
4045171,1110000135707682210,2024-03-11,30.9,15.5,34.2,15.9,0.0,25.6,66.2,71.125,Ward 115,Entire rental unit,Entire home/apt,f,4018.0,4.43,,,
4052806,1103518035976077061,2024-03-02,25.9,17.5,26.0,14.2,0.0,38.9,106.6,79.29166667,Ward 74,Entire guesthouse,Entire home/apt,f,797.0,4.78,,,
4052806,1110006630393144145,2024-03-11,30.9,15.5,34.2,15.9,0.0,25.6,66.2,71.125,Ward 74,Entire guesthouse,Entire home/apt,f,797.0,4.65,,,
4052806,1112204591899476620,2024-03-14,24.7,16.5,25.5,15.2,0.0,21.7,56.9,68.20833333,Ward 74,Entire guesthouse,Entire home/apt,f,797.0,3.84,,,
4062263,1115040370831713846,2024-03-18,31.6,15.2,33.0,15.3,0.0,19.6,52.2,66.45833333,Ward 23,Entire cottage,Entire home/apt,t,2093.0,4.78,,,
4066138,1114364746470194951,2024-03-17,27.7,15.8,27.0,12.9,0.0,33.6,92.5,61.5,Ward 54,Entire rental unit,Entire home/apt,f,,4.68,,,
4066138,1120183226436177020,2024-03-25,22.3,15.3,22.3,13.9,0.0,21.4,62.3,77.79166667,Ward 54,Entire rental unit,Entire home/apt,f,,1.91,,,
4080460,1107156594750784756,2024-03-07,21.8,13.2,20.0,12.9,0.0,24.1,76.0,77.95833333,Ward 54,Private room in rental unit,Private room,t,682.0,4.78,,,
4080460,1123763578821750882,2024-03-30,33.8,15.2,34.8,15.1,0.0,17.4,46.8,58.75,Ward 54,Private room in rental unit,Private room,t,682.0,4.91,,,
4082106,1115124662056993288,2024-03-18,31.6,15.2,33.0,15.3,0.0,19.6,52.2,66.45833333,Ward 107,Entire rental unit,Entire home/apt,t,1800.0,4.64,,,
4082106,1120861702544210889,2024-03-26,24.2,15.6,24.0,14.9,0.1,29.2,81.4,78.41666667,Ward 107,Entire rental unit,Entire home/apt,t,1800.0,4.69,,,
4417420,1115137837454920572,2024-03-18,31.6,15.2,33.0,15.3,0.0,19.6,52.2,66.45833333,Ward 54,Entire rental unit,Entire home/apt,t,1250.0,4.87,,,
4417420,1120171319305717338,2024-03-25,22.3,15.3,22.3,13.9,0.0,21.4,62.3,77.79166667,Ward 54,Entire rental unit,Entire home/apt,t,1250.0,4.86,,,
4421175,1118764163770533053,2024-03-23,20.7,14.5,20.2,14.9,0.0,16.0,45.0,72.91666667,Ward 64,Entire rental unit,Entire home/apt,f,2700.0,4.8,,,
4090938,1107131122181605455,2024-03-07,21.8,13.2,20.0,12.9,0.0,24.1,76.0,77.95833333,Ward 54,Entire rental unit,Entire home/apt,t,1672.0,4.58,,,
4090938,1115140354421337098,2024-03-18,31.6,15.2,33.0,15.3,0.0,19.6,52.2,66.45833333,Ward 54,Entire rental unit,Entire home/apt,t,1672.0,4.61,,,
4090938,1121624174451241813,2024-03-27,23.8,16.4,22.9,12.9,0.0,31.1,85.3,74.375,Ward 54,Entire rental unit,Entire home/apt,t,1672.0,4.6,,,
4435697,1107895656587532829,2024-03-08,23.6,16.7,25.1,17.2,1.7,18.1,55.8,81.125,Ward 54,Entire rental unit,Entire home/apt,t,1950.0,4.52,,,
4435697,1112937996970929839,2024-03-15,24.2,12.2,25.9,11.7,0.0,15.3,45.0,78.41666667,Ward 54,Entire rental unit,Entire home/apt,t,1950.0,4.86,,,
4435697,1120929747112112165,2024-03-26,24.2,15.6,24.0,14.9,0.1,29.2,81.4,78.41666667,Ward 54,Entire rental unit,Entire home/apt,t,1950.0,4.71,Heat,The marbled bathroom and toilet were luxurious and spacious; complete with towel hydro heating for a luxurious post-shower warmth.,4.44
4438981,1103515519165889623,2024-03-02,25.9,17.5,26.0,14.2,0.0,38.9,106.6,79.29166667,Ward 54,Entire rental unit,Entire home/apt,t,2226.0,4.83,,,
4438981,1112967841883784971,2024-03-15,24.2,12.2,25.9,11.7,0.0,15.3,45.0,78.41666667,Ward 54,Entire rental unit,Entire home/apt,t,2226.0,2.69,,,
4125464,1112901930041003876,2024-03-15,24.2,12.2,25.9,11.7,0.0,15.3,45.0,78.41666667,Ward 77,Entire home,Entire home/apt,t,10527.0,4.93,,,
4135729,1109312223934713751,2024-03-10,24.8,17.2,24.9,15.4,0.0,27.4,69.5,72.875,Ward 71,Private room in rental unit,Private room,t,990.0,4.88,,,
4135729,1111461837046813765,2024-03-13,24.0,15.5,23.0,15.7,0.0,19.9,58.0,66.125,Ward 71,Private room in rental unit,Private room,t,990.0,4.9,,,
4135729,1117277338797368114,2024-03-21,33.5,17.7,35.1,19.3,0.0,8.1,28.4,58.875,Ward 71,Private room in rental unit,Private room,t,990.0,4.72,,,
4135729,1120214434620005532,2024-03-25,22.3,15.3,22.3,13.9,0.0,21.4,62.3,77.79166667,Ward 71,Private room in rental unit,Private room,t,990.0,4.36,,,
4197434,1110730859055689964,2024-03-12,25.4,17.4,26.0,18.4,0.2,17.3,51.1,77.41666667,Ward 62,Tiny home,Entire home/apt,t,1105.0,4.67,,,
4201424,1107841298366379350,2024-03-08,23.6,16.7,25.1,17.2,1.7,18.1,55.8,81.125,Ward 57,Private room in cottage,Private room,t,381.0,4.81,,,
4214096,1111480553551552255,2024-03-13,24.0,15.5,23.0,15.7,0.0,19.9,58.0,66.125,Ward 54,Entire rental unit,Entire home/apt,f,5217.0,4.86,,,
4458181,1107845751275150194,2024-03-08,23.6,16.7,25.1,17.2,1.7,18.1,55.8,81.125,Ward 61,Entire rental unit,Entire home/apt,t,1439.0,4.78,,,
4458181,1112209488097491277,2024-03-14,24.7,16.5,25.5,15.2,0.0,21.7,56.9,68.20833333,Ward 61,Entire rental unit,Entire home/apt,t,1439.0,4.41,,,
4458181,1112939327428142595,2024-03-15,24.2,12.2,25.9,11.7,0.0,15.3,45.0,78.41666667,Ward 61,Entire rental unit,Entire home/apt,t,1439.0,4.94,,,
4458181,1116603848192599952,2024-03-20,34.5,17.8,36.7,18.9,0.0,15.8,43.2,66.5,Ward 61,Entire rental unit,Entire home/apt,t,1439.0,4.79,,,
4458181,1121640957863013867,2024-03-27,23.8,16.4,22.9,12.9,0.0,31.1,85.3,74.375,Ward 61,Entire rental unit,Entire home/apt,t,1439.0,4.73,,,
4458992,1124550665415979508,2024-03-31,19.4,15.1,19.4,14.9,2.7,22.8,76.0,89.58333333,Ward 115,Entire loft,Entire home/apt,f,1055.0,4.81,,,
4228894,1123778829113627975,2024-03-30,33.8,15.2,34.8,15.1,0.0,17.4,46.8,58.75,Ward 59,Entire home,Entire home/apt,f,6500.0,4.52,,,
4462303,1120163879481302496,2024-03-25,22.3,15.3,22.3,13.9,0.0,21.4,62.3,77.79166667,Ward 64,Entire home,Entire home/apt,f,3060.0,4.68,,,
4237546,1116566069453713975,2024-03-20,34.5,17.8,36.7,18.9,0.0,15.8,43.2,66.5,Ward 61,Entire home,Entire home/apt,f,4991.0,4.68,,,
4462435,1106417684358262567,2024-03-06,24.3,14.4,25.4,13.1,0.0,14.2,40.7,67.0,Ward 115,Entire condo,Entire home/apt,t,912.0,4.43,,,
4462435,1110732506384413232,2024-03-12,25.4,17.4,26.0,18.4,0.2,17.3,51.1,77.41666667,Ward 115,Entire condo,Entire home/apt,t,912.0,4.18,,,
4462435,1114404832557650413,2024-03-17,27.7,15.8,27.0,12.9,0.0,33.6,92.5,61.5,Ward 115,Entire condo,Entire home/apt,t,912.0,4.39,,,
4462435,1120949654754782186,2024-03-26,24.2,15.6,24.0,14.9,0.1,29.2,81.4,78.41666667,Ward 115,Entire condo,Entire home/apt,t,912.0,4.72,,,
4248690,1104987363883395818,2024-03-04,18.8,15.3,19.8,15.5,18.5,18.5,57.2,89.95833333,Ward 23,Entire rental unit,Entire home/apt,t,1008.0,4.54,,,
4248690,1107883099696952101,2024-03-08,23.6,16.7,25.1,17.2,1.7,18.1,55.8,81.125,Ward 23,Entire rental unit,Entire home/apt,t,1008.0,4.51,,,
4248690,1120183466742602072,2024-03-25,22.3,15.3,22.3,13.9,0.0,21.4,62.3,77.79166667,Ward 23,Entire rental unit,Entire home/apt,t,1008.0,4.8,,,
4248690,1121583344735755764,2024-03-27,23.8,16.4,22.9,12.9,0.0,31.1,85.3,74.375,Ward 23,Entire rental unit,Entire home/apt,t,1008.0,4.78,,,
4248690,1124528628233770393,2024-03-31,19.4,15.1,19.4,14.9,2.7,22.8,76.0,89.58333333,Ward 23,Entire rental unit,Entire home/apt,t,1008.0,4.5,,,
4467695,1110024368103854877,2024-03-11,30.9,15.5,34.2,15.9,0.0,25.6,66.2,71.125,Ward 115,Entire rental unit,Entire home/apt,t,1350.0,4.88,,,
4467695,1112138246392698746,2024-03-14,24.7,16.5,25.5,15.2,0.0,21.7,56.9,68.20833333,Ward 115,Entire rental unit,Entire home/apt,t,1350.0,4.26,,,
4467695,1116601020781353306,2024-03-20,34.5,17.8,36.7,18.9,0.0,15.8,43.2,66.5,Ward 115,Entire rental unit,Entire home/apt,t,1350.0,4.87,,,
4467695,1118039533014012471,2024-03-22,23.2,15.4,23.6,16.7,2.1,15.8,47.9,85.375,Ward 115,Entire rental unit,Entire home/apt,t,1350.0,4.83,,,
4254464,1124543130130842353,2024-03-31,19.4,15.1,19.4,14.9,2.7,22.8,76.0,89.58333333,Ward 62,Entire home,Entire home/apt,f,8455.0,4.8,,,
4467695,1120875665559428809,2024-03-26,24.2,15.6,24.0,14.9,0.1,29.2,81.4,78.41666667,Ward 115,Entire rental unit,Entire home/apt,t,1350.0,4.62,,,
4260343,1107834537599825014,2024-03-08,23.6,16.7,25.1,17.2,1.7,18.1,55.8,81.125,Ward 115,Entire rental unit,Entire home/apt,f,848.0,4.8,,,
4267198,1104284107618904474,2024-03-03,27.4,18.4,27.7,15.9,0.0,31.1,92.5,72.91666667,Ward 23,Private room in home,Private room,f,975.0,4.79,,,
4267384,1120181231052312109,2024-03-25,22.3,15.3,22.3,13.9,0.0,21.4,62.3,77.79166667,Ward 61,Entire home,Entire home/apt,t,7100.0,4.61,,,
4267384,1123849310643327327,2024-03-30,33.8,15.2,34.8,15.1,0.0,17.4,46.8,58.75,Ward 61,Entire home,Entire home/apt,t,7100.0,4.66,,,
4499002,1124459781618143492,2024-03-31,19.4,15.1,19.4,14.9,2.7,22.8,76.0,89.58333333,Ward 115,Entire rental unit,Entire home/apt,t,1252.0,3.9,,,
4274670,1119466114956936480,2024-03-24,21.5,15.1,20.2,14.5,0.0,20.3,65.9,68.875,Ward 61,Entire home,Entire home/apt,t,550.0,4.88,,,
4274670,1121628607943931098,2024-03-27,23.8,16.4,22.9,12.9,0.0,31.1,85.3,74.375,Ward 61,Entire home,Entire home/apt,t,550.0,4.94,,,
4274759,1120120748128217449,2024-03-25,22.3,15.3,22.3,13.9,0.0,21.4,62.3,77.79166667,Ward 23,Entire guest suite,Entire home/apt,f,1035.0,4.64,,,
4507430,1103513195791883028,2024-03-02,25.9,17.5,26.0,14.2,0.0,38.9,106.6,79.29166667,Ward 54,Private room in home,Private room,t,755.0,4.77,,,
4507430,1111488110145536083,2024-03-13,24.0,15.5,23.0,15.7,0.0,19.9,58.0,66.125,Ward 54,Private room in home,Private room,t,755.0,3.31,Wind,"Maar Campsbay heeft genoeg mogelijkheden hiervoor op loop afstand <br/>Wij hadden een paar dagen iets bewolkter weer en als het dan fris is op het strand, miste ik een zonnig plekje uit de wind.",2.87
4507430,1123121769347848452,2024-03-29,24.3,16.9,23.5,13.6,0.0,30.7,88.9,67.875,Ward 54,Private room in home,Private room,t,755.0,4.89,,,
4281439,1104184986211205494,2024-03-03,27.4,18.4,27.7,15.9,0.0,31.1,92.5,72.91666667,Ward 58,Entire home,Entire home/apt,t,604.0,4.74,,,
4281439,1114367548558939186,2024-03-17,27.7,15.8,27.0,12.9,0.0,33.6,92.5,61.5,Ward 58,Entire home,Entire home/apt,t,604.0,4.9,,,
4281439,1120194447419908720,2024-03-25,22.3,15.3,22.3,13.9,0.0,21.4,62.3,77.79166667,Ward 58,Entire home,Entire home/apt,t,604.0,4.67,,,
4281439,1124479881332253907,2024-03-31,19.4,15.1,19.4,14.9,2.7,22.8,76.0,89.58333333,Ward 58,Entire home,Entire home/apt,t,604.0,4.6,,,
4301603,1114417373949504728,2024-03-17,27.7,15.8,27.0,12.9,0.0,33.6,92.5,61.5,Ward 23,Entire home,Entire home/apt,t,2486.0,4.71,,,
4523176,1106437307217268690,2024-03-06,24.3,14.4,25.4,13.1,0.0,14.2,40.7,67.0,Ward 77,Entire rental unit,Entire home/apt,t,875.0,4.05,Heat,"We were a bit disappointed that the AC turned out to be a cooling fan as it was very hot some days, but all in all we had a really good stay.",3.0
4523176,1117220013955892927,2024-03-21,33.5,17.7,35.1,19.3,0.0,8.1,28.4,58.875,Ward 77,Entire rental unit,Entire home/apt,t,875.0,4.75,,,
4523176,1119484217415265819,2024-03-24,21.5,15.1,20.2,14.5,0.0,20.3,65.9,68.875,Ward 77,Entire rental unit,Entire home/apt,t,875.0,4.01,,,
4523176,1121673403929626879,2024-03-27,23.8,16.4,22.9,12.9,0.0,31.1,85.3,74.375,Ward 77,Entire rental unit,Entire home/apt,t,875.0,4.74,,,
4309526,1106350467673163710,2024-03-06,24.3,14.4,25.4,13.1,0.0,14.2,40.7,67.0,Ward 61,Entire rental unit,Entire home/apt,f,1388.0,4.91,Heat,And we all loved the hot tub.,4.81
4309526,1107117068371806957,2024-03-07,21.8,13.2,20.0,12.9,0.0,24.1,76.0,77.95833333,Ward 61,Entire rental unit,Entire home/apt,f,1388.0,4.95,,,
4309526,1109253260396777545,2024-03-10,24.8,17.2,24.9,15.4,0.0,27.4,69.5,72.875,Ward 61,Entire rental unit,Entire home/apt,f,1388.0,4.73,,,
4309526,1123848190926510876,2024-03-30,33.8,15.2,34.8,15.1,0.0,17.4,46.8,58.75,Ward 61,Entire rental unit,Entire home/apt,f,1388.0,4.57,,,
4526096,1110795459172243085,2024-03-12,25.4,17.4,26.0,18.4,0.2,17.3,51.1,77.41666667,Ward 54,Private room in home,Private room,t,729.0,4.75,,,
4526096,1118015593394254463,2024-03-22,23.2,15.4,23.6,16.7,2.1,15.8,47.9,85.375,Ward 54,Private room in home,Private room,t,729.0,4.78,,,
4321498,1117327103586787162,2024-03-21,33.5,17.7,35.1,19.3,0.0,8.1,28.4,58.875,Ward 62,Entire rental unit,Entire home/apt,t,906.0,4.59,,,
4543033,1104279893030809329,2024-03-03,27.4,18.4,27.7,15.9,0.0,31.1,92.5,72.91666667,Ward 54,Entire rental unit,Entire home/apt,t,881.0,4.87,,,
4543033,1115862586345806867,2024-03-19,26.8,17.4,27.6,16.0,0.0,29.3,74.9,77.375,Ward 54,Entire rental unit,Entire home/apt,t,881.0,4.69,,,
4543033,1118734768985465376,2024-03-23,20.7,14.5,20.2,14.9,0.0,16.0,45.0,72.91666667,Ward 54,Entire rental unit,Entire home/apt,t,881.0,4.2,,,
4340008,1102745794814032311,2024-03-01,23.4,15.8,25.7,16.2,0.0,18.0,51.5,83.0,Ward 54,Entire condo,Entire home/apt,f,1679.0,4.92,,,
4553566,1118694312080348308,2024-03-23,20.7,14.5,20.2,14.9,0.0,16.0,45.0,72.91666667,Ward 58,Private room in rental unit,Private room,f,429.0,4.6,,,
4560861,1104219840596913479,2024-03-03,27.4,18.4,27.7,15.9,0.0,31.1,92.5,72.91666667,Ward 54,Private room in home,Private room,f,1034.0,4.19,,,
4560984,1104258671352837888,2024-03-03,27.4,18.4,27.7,15.9,0.0,31.1,92.5,72.91666667,Ward 115,Entire rental unit,Entire home/apt,f,819.0,3.21,,,
4560984,1109999615668202867,2024-03-11,30.9,15.5,34.2,15.9,0.0,25.6,66.2,71.125,Ward 115,Entire rental unit,Entire home/apt,f,819.0,3.35,,,
4560984,1120928575089807885,2024-03-26,24.2,15.6,24.0,14.9,0.1,29.2,81.4,78.41666667,Ward 115,Entire rental unit,Entire home/apt,f,819.0,4.82,,,
4341842,1107132427504049996,2024-03-07,21.8,13.2,20.0,12.9,0.0,24.1,76.0,77.95833333,Ward 58,Entire guest suite,Entire home/apt,t,480.0,4.8,,,
4341842,1115147114101722037,2024-03-18,31.6,15.2,33.0,15.3,0.0,19.6,52.2,66.45833333,Ward 58,Entire guest suite,Entire home/apt,t,480.0,4.06,,,
4341842,1119458447073587435,2024-03-24,21.5,15.1,20.2,14.5,0.0,20.3,65.9,68.875,Ward 58,Entire guest suite,Entire home/apt,t,480.0,4.91,Heat,"The space is absolutely lovely and quiet, it definitely has one of the comfiest beds I’ve ever seen, and the fan was greatly appreciated in the Cape Town heat.",4.72
4341842,1120872250800104144,2024-03-26,24.2,15.6,24.0,14.9,0.1,29.2,81.4,78.41666667,Ward 58,Entire guest suite,Entire home/apt,t,480.0,4.8,,,
4561312,1104942404585268300,2024-03-04,18.8,15.3,19.8,15.5,18.5,18.5,57.2,89.95833333,Ward 54,Entire condo,Entire home/apt,t,6321.0,4.85,,,
4561312,1110722342141124981,2024-03-12,25.4,17.4,26.0,18.4,0.2,17.3,51.1,77.41666667,Ward 54,Entire condo,Entire home/apt,t,6321.0,4.85,,,
4561312,1115834194274731184,2024-03-19,26.8,17.4,27.6,16.0,0.0,29.3,74.9,77.375,Ward 54,Entire condo,Entire home/apt,t,6321.0,4.88,,,
4352782,1122333518183408854,2024-03-28,22.4,15.7,21.2,13.8,0.0,33.1,91.8,79.33333333,Ward 61,Entire home,Entire home/apt,t,2655.0,4.88,,,
4353509,1120135153751725069,2024-03-25,22.3,15.3,22.3,13.9,0.0,21.4,62.3,77.79166667,Ward 71,Entire home,Entire home/apt,f,1989.0,4.86,,,
4569367,1112872215620797853,2024-03-15,24.2,12.2,25.9,11.7,0.0,15.3,45.0,78.41666667,Ward 77,Entire rental unit,Entire home/apt,t,,4.47,,,
4569367,1117937571096920325,2024-03-22,23.2,15.4,23.6,16.7,2.1,15.8,47.9,85.375,Ward 77,Entire rental unit,Entire home/apt,t,,4.62,,,
4390786,1102805374666138427,2024-03-01,23.4,15.8,25.7,16.2,0.0,18.0,51.5,83.0,Ward 77,Entire place,Entire home/apt,t,2115.0,4.56,,,
4390786,1104241492749681183,2024-03-03,27.4,18.4,27.7,15.9,0.0,31.1,92.5,72.91666667,Ward 77,Entire place,Entire home/apt,t,2115.0,4.83,,,
4390786,1107869871043291253,2024-03-08,23.6,16.7,25.1,17.2,1.7,18.1,55.8,81.125,Ward 77,Entire place,Entire home/apt,t,2115.0,4.76,,,
4390786,1122367369118336855,2024-03-28,22.4,15.7,21.2,13.8,0.0,33.1,91.8,79.33333333,Ward 77,Entire place,Entire home/apt,t,2115.0,4.73,,,
4569933,1106409791480515233,2024-03-06,24.3,14.4,25.4,13.1,0.0,14.2,40.7,67.0,Ward 115,Entire rental unit,Entire home/apt,t,1194.0,4.93,,,
4569933,1108626765699616446,2024-03-09,24.8,16.8,26.8,16.0,0.0,21.1,57.2,74.875,Ward 115,Entire rental unit,Entire home/apt,t,1194.0,4.79,,,
4569933,1111531824511690826,2024-03-13,24.0,15.5,23.0,15.7,0.0,19.9,58.0,66.125,Ward 115,Entire rental unit,Entire home/apt,t,1194.0,4.77,,,
4569933,1118003694299551634,2024-03-22,23.2,15.4,23.6,16.7,2.1,15.8,47.9,85.375,Ward 115,Entire rental unit,Entire home/apt,t,1194.0,4.86,,,
4393363,1112982324887402652,2024-03-15,24.2,12.2,25.9,11.7,0.0,15.3,45.0,78.41666667,Ward 115,Entire rental unit,Entire home/apt,f,708.0,4.48,,,
4576887,1104899204355946861,2024-03-04,18.8,15.3,19.8,15.5,18.5,18.5,57.2,89.95833333,Ward 61,Private room in bed and breakfast,Private room,f,1853.0,3.92,,,
4578856,1104981904099479194,2024-03-04,18.8,15.3,19.8,15.5,18.5,18.5,57.2,89.95833333,Ward 77,Entire home,Entire home/apt,f,2902.0,4.74,,,
4591712,1116571311084424380,2024-03-20,34.5,17.8,36.7,18.9,0.0,15.8,43.2,66.5,Ward 54,Entire guest suite,Entire home/apt,t,1158.0,4.96,,,
4591712,1120860768228533127,2024-03-26,24.2,15.6,24.0,14.9,0.1,29.2,81.4,78.41666667,Ward 54,Entire guest suite,Entire home/apt,t,1158.0,4.25,,,
4591898,1104900034474137160,2024-03-04,18.8,15.3,19.8,15.5,18.5,18.5,57.2,89.95833333,Ward 55,Entire home,Entire home/apt,t,,4.66,,,
4591898,1120119857297400386,2024-03-25,22.3,15.3,22.3,13.9,0.0,21.4,62.3,77.79166667,Ward 55,Entire home,Entire home/apt,t,,4.6,,,
4820554,1106407264262215009,2024-03-06,24.3,14.4,25.4,13.1,0.0,14.2,40.7,67.0,Ward 77,Entire rental unit,Entire home/apt,t,2281.0,4.9,,,
4820554,1107801770596596138,2024-03-08,23.6,16.7,25.1,17.2,1.7,18.1,55.8,81.125,Ward 77,Entire rental unit,Entire home/apt,t,2281.0,4.82,,,
4820554,1112892403417356289,2024-03-15,24.2,12.2,25.9,11.7,0.0,15.3,45.0,78.41666667,Ward 77,Entire rental unit,Entire home/apt,t,2281.0,4.91,Wind,"The location was perfect, the apartment was beautifully decorated and comfortable, and the check in/out process was a breeze.",4.66
4820554,1118674864993585352,2024-03-23,20.7,14.5,20.2,14.9,0.0,16.0,45.0,72.91666667,Ward 77,Entire rental unit,Entire home/apt,t,2281.0,4.9,,,
4820554,1120228777339432617,2024-03-25,22.3,15.3,22.3,13.9,0.0,21.4,62.3,77.79166667,Ward 77,Entire rental unit,Entire home/apt,t,2281.0,4.63,,,
4820554,1121658003366357056,2024-03-27,23.8,16.4,22.9,12.9,0.0,31.1,85.3,74.375,Ward 77,Entire rental unit,Entire home/apt,t,2281.0,4.66,,,
4822336,1104266102104902775,2024-03-03,27.4,18.4,27.7,15.9,0.0,31.1,92.5,72.91666667,Ward 77,Entire home,Entire home/apt,t,5731.0,4.67,,,
4619681,1102793722916618703,2024-03-01,23.4,15.8,25.7,16.2,0.0,18.0,51.5,83.0,Ward 73,Entire townhouse,Entire home/apt,f,600.0,4.59,,,
4827735,1104210378071460975,2024-03-03,27.4,18.4,27.7,15.9,0.0,31.1,92.5,72.91666667,Ward 77,Entire rental unit,Entire home/apt,,2328.0,4.6,,,
4827735,1109277102433232250,2024-03-10,24.8,17.2,24.9,15.4,0.0,27.4,69.5,72.875,Ward 77,Entire rental unit,Entire home/apt,,2328.0,4.68,,,
4827735,1112946897936402999,2024-03-15,24.2,12.2,25.9,11.7,0.0,15.3,45.0,78.41666667,Ward 77,Entire rental unit,Entire home/apt,,2328.0,4.86,,,
4830932,1102812945334924752,2024-03-01,23.4,15.8,25.7,16.2,0.0,18.0,51.5,83.0,Ward 54,Private room in home,Private room,t,564.0,4.41,,,
4830932,1104257871123311352,2024-03-03,27.4,18.4,27.7,15.9,0.0,31.1,92.5,72.91666667,Ward 54,Private room in home,Private room,t,564.0,4.59,,,
4830932,1120117694692470643,2024-03-25,22.3,15.3,22.3,13.9,0.0,21.4,62.3,77.79166667,Ward 54,Private room in home,Private room,t,564.0,4.73,,,
4629835,1124560258975589050,2024-03-31,19.4,15.1,19.4,14.9,2.7,22.8,76.0,89.58333333,Ward 115,Entire rental unit,Entire home/apt,f,863.0,4.88,,,
4851293,1102759631881273731,2024-03-01,23.4,15.8,25.7,16.2,0.0,18.0,51.5,83.0,Ward 113,Entire home,Entire home/apt,t,2380.0,4.29,,,
4851293,1110775525942838991,2024-03-12,25.4,17.4,26.0,18.4,0.2,17.3,51.1,77.41666667,Ward 113,Entire home,Entire home/apt,t,2380.0,3.68,,,
4851293,1115069439690596225,2024-03-18,31.6,15.2,33.0,15.3,0.0,19.6,52.2,66.45833333,Ward 113,Entire home,Entire home/apt,t,2380.0,4.84,Cold,"We hired the house in winter the last time and didn’t get a chance to use the pool, this time we did and it was absolutely amazing.<br/>I don’t regret this place at all, very happy clients",4.84
4858427,1110036539849961264,2024-03-11,30.9,15.5,34.2,15.9,0.0,25.6,66.2,71.125,Ward 77,Entire guest suite,Entire home/apt,t,1021.0,3.26,,,
4858427,1113708117615092813,2024-03-16,22.0,16.5,20.1,12.8,0.2,35.0,94.0,70.04166667,Ward 77,Entire guest suite,Entire home/apt,t,1021.0,4.96,,,
4858427,1115868706769937455,2024-03-19,26.8,17.4,27.6,16.0,0.0,29.3,74.9,77.375,Ward 77,Entire guest suite,Entire home/apt,t,1021.0,4.87,,,
4858427,1117225733301890349,2024-03-21,33.5,17.7,35.1,19.3,0.0,8.1,28.4,58.875,Ward 77,Entire guest suite,Entire home/apt,t,1021.0,4.72,,,
4858427,1121613290386647190,2024-03-27,23.8,16.4,22.9,12.9,0.0,31.1,85.3,74.375,Ward 77,Entire guest suite,Entire home/apt,t,1021.0,4.83,,,
4860778,1104250136505233880,2024-03-03,27.4,18.4,27.7,15.9,0.0,31.1,92.5,72.91666667,Ward 23,Private room in home,Private room,t,723.0,4.9,,,
4875598,1104211151869834694,2024-03-03,27.4,18.4,27.7,15.9,0.0,31.1,92.5,72.91666667,Ward 23,Entire rental unit,Entire home/apt,f,1422.0,4.74,,,
4875598,1110761943294607193,2024-03-12,25.4,17.4,26.0,18.4,0.2,17.3,51.1,77.41666667,Ward 23,Entire rental unit,Entire home/apt,f,1422.0,4.78,,,
4646142,1102779739043640710,2024-03-01,23.4,15.8,25.7,16.2,0.0,18.0,51.5,83.0,Ward 115,Entire rental unit,Entire home/apt,,1212.0,4.81,,,
4646142,1106347451753060509,2024-03-06,24.3,14.4,25.4,13.1,0.0,14.2,40.7,67.0,Ward 115,Entire rental unit,Entire home/apt,,1212.0,4.86,,,
4646142,1107174118130281214,2024-03-07,21.8,13.2,20.0,12.9,0.0,24.1,76.0,77.95833333,Ward 115,Entire rental unit,Entire home/apt,,1212.0,4.79,,,
4646142,1108515136980080212,2024-03-09,24.8,16.8,26.8,16.0,0.0,21.1,57.2,74.875,Ward 115,Entire rental unit,Entire home/apt,,1212.0,4.9,,,
4646142,1109340587378783753,2024-03-10,24.8,17.2,24.9,15.4,0.0,27.4,69.5,72.875,Ward 115,Entire rental unit,Entire home/apt,,1212.0,4.67,,,
4646142,1119487342557217152,2024-03-24,21.5,15.1,20.2,14.5,0.0,20.3,65.9,68.875,Ward 115,Entire rental unit,Entire home/apt,,1212.0,4.83,,,
4646142,1120218190190104855,2024-03-25,22.3,15.3,22.3,13.9,0.0,21.4,62.3,77.79166667,Ward 115,Entire rental unit,Entire home/apt,,1212.0,4.62,,,
4646142,1121607842094175344,2024-03-27,23.8,16.4,22.9,12.9,0.0,31.1,85.3,74.375,Ward 115,Entire rental unit,Entire home/apt,,1212.0,4.64,,,
4646142,1124528681458522053,2024-03-31,19.4,15.1,19.4,14.9,2.7,22.8,76.0,89.58333333,Ward 115,Entire rental unit,Entire home/apt,,1212.0,4.93,,,
4882510,1107806687931757097,2024-03-08,23.6,16.7,25.1,17.2,1.7,18.1,55.8,81.125,Ward 64,Entire cottage,Entire home/apt,t,3023.0,4.81,,,
4887141,1120937311981278264,2024-03-26,24.2,15.6,24.0,14.9,0.1,29.2,81.4,78.41666667,Ward 83,Entire rental unit,Entire home/apt,f,720.0,4.59,,,
4660086,1115129441376969866,2024-03-18,31.6,15.2,33.0,15.3,0.0,19.6,52.2,66.45833333,Ward 54,Entire home,Entire home/apt,f,22343.0,4.66,,,
4888362,1112928324870387819,2024-03-15,24.2,12.2,25.9,11.7,0.0,15.3,45.0,78.41666667,Ward 77,Entire cottage,Entire home/apt,t,503.0,4.77,,,
4888362,1118007251278988145,2024-03-22,23.2,15.4,23.6,16.7,2.1,15.8,47.9,85.375,Ward 77,Entire cottage,Entire home/apt,t,503.0,4.85,,,
4888362,1123829451849108593,2024-03-30,33.8,15.2,34.8,15.1,0.0,17.4,46.8,58.75,Ward 77,Entire cottage,Entire home/apt,t,503.0,4.82,,,
4890833,1103537346421440432,2024-03-02,25.9,17.5,26.0,14.2,0.0,38.9,106.6,79.29166667,Ward 61,Entire rental unit,Entire home/apt,f,1425.0,4.13,,,
4890833,1109992946670769712,2024-03-11,30.9,15.5,34.2,15.9,0.0,25.6,66.2,71.125,Ward 61,Entire rental unit,Entire home/apt,f,1425.0,3.21,,,
4890833,1113626068057831768,2024-03-16,22.0,16.5,20.1,12.8,0.2,35.0,94.0,70.04166667,Ward 61,Entire rental unit,Entire home/apt,f,1425.0,4.81,,,
4890833,1119423981974986707,2024-03-24,21.5,15.1,20.2,14.5,0.0,20.3,65.9,68.875,Ward 61,Entire rental unit,Entire home/apt,f,1425.0,4.58,,,
4900705,1112169874077570259,2024-03-14,24.7,16.5,25.5,15.2,0.0,21.7,56.9,68.20833333,Ward 71,Entire home,Entire home/apt,t,7858.0,4.44,,,
4900705,1116569388277529006,2024-03-20,34.5,17.8,36.7,18.9,0.0,15.8,43.2,66.5,Ward 71,Entire home,Entire home/apt,t,7858.0,4.94,,,
4933142,1116592592581483986,2024-03-20,34.5,17.8,36.7,18.9,0.0,15.8,43.2,66.5,Ward 115,Entire rental unit,Entire home/apt,t,845.0,4.48,,,
4937865,1115085266677214338,2024-03-18,31.6,15.2,33.0,15.3,0.0,19.6,52.2,66.45833333,Ward 77,Entire rental unit,Entire home/apt,f,1419.0,4.85,,,
4940234,1120168569829830331,2024-03-25,22.3,15.3,22.3,13.9,0.0,21.4,62.3,77.79166667,Ward 115,Entire guest suite,Entire home/apt,f,573.0,4.8,,,
4703470,1103492590161097302,2024-03-02,25.9,17.5,26.0,14.2,0.0,38.9,106.6,79.29166667,Ward 54,Entire rental unit,Entire home/apt,t,1679.0,4.91,,,
4703470,1118009217447535185,2024-03-22,23.2,15.4,23.6,16.7,2.1,15.8,47.9,85.375,Ward 54,Entire rental unit,Entire home/apt,t,1679.0,4.72,,,
4947360,1102728111597918964,2024-03-01,23.4,15.8,25.7,16.2,0.0,18.0,51.5,83.0,Ward 59,Entire guest suite,Entire home/apt,t,925.0,4.88,,,
4954662,1107065244464586921,2024-03-07,21.8,13.2,20.0,12.9,0.0,24.1,76.0,77.95833333,Ward 53,Private room in home,Private room,f,1105.0,4.3,,,
4711190,1107877738952764408,2024-03-08,23.6,16.7,25.1,17.2,1.7,18.1,55.8,81.125,Ward 115,Entire rental unit,Entire home/apt,t,993.0,4.38,,,
4993364,1113619747461017367,2024-03-16,22.0,16.5,20.1,12.8,0.2,35.0,94.0,70.04166667,Ward 61,Entire home,Entire home/apt,f,4800.0,4.58,,,
4993364,1120926414316657588,2024-03-26,24.2,15.6,24.0,14.9,0.1,29.2,81.4,78.41666667,Ward 61,Entire home,Entire home/apt,f,4800.0,4.77,,,
4725948,1109259055678107658,2024-03-10,24.8,17.2,24.9,15.4,0.0,27.4,69.5,72.875,Ward 61,Entire home,Entire home/apt,f,1700.0,4.82,,,
5011026,1102718548158982248,2024-03-01,23.4,15.8,25.7,16.2,0.0,18.0,51.5,83.0,Ward 77,Private room in home,Private room,t,885.0,4.58,,,
5011028,1108564853385334326,2024-03-09,24.8,16.8,26.8,16.0,0.0,21.1,57.2,74.875,Ward 77,Private room in home,Private room,t,774.0,4.78,,,
5011028,1124508743888377249,2024-03-31,19.4,15.1,19.4,14.9,2.7,22.8,76.0,89.58333333,Ward 77,Private room in home,Private room,t,774.0,4.61,,,
5017023,1123852563463563526,2024-03-30,33.8,15.2,34.8,15.1,0.0,17.4,46.8,58.75,Ward 61,Entire rental unit,Entire home/apt,,3978.0,4.83,,,
5032552,1124471583202356833,2024-03-31,19.4,15.1,19.4,14.9,2.7,22.8,76.0,89.58333333,Ward 77,Entire loft,Entire home/apt,f,1215.0,4.57,,,
5034922,1102721748653728926,2024-03-01,23.4,15.8,25.7,16.2,0.0,18.0,51.5,83.0,Ward 64,Entire condo,Entire home/apt,t,1850.0,4.91,,,
5034922,1119452349251209028,2024-03-24,21.5,15.1,20.2,14.5,0.0,20.3,65.9,68.875,Ward 64,Entire condo,Entire home/apt,t,1850.0,4.8,,,
5034922,1121638029748505326,2024-03-27,23.8,16.4,22.9,12.9,0.0,31.1,85.3,74.375,Ward 64,Entire condo,Entire home/apt,t,1850.0,4.64,,,
5062830,1115069203270050227,2024-03-18,31.6,15.2,33.0,15.3,0.0,19.6,52.2,66.45833333,Ward 70,Private room in guesthouse,Private room,f,1240.0,4.84,,,
4740365,1106437454841224351,2024-03-06,24.3,14.4,25.4,13.1,0.0,14.2,40.7,67.0,Ward 74,Entire home,Entire home/apt,t,2829.0,4.93,,,
4740365,1114407075579155008,2024-03-17,27.7,15.8,27.0,12.9,0.0,33.6,92.5,61.5,Ward 74,Entire home,Entire home/apt,t,2829.0,4.87,,,
4740365,1119471333101751664,2024-03-24,21.5,15.1,20.2,14.5,0.0,20.3,65.9,68.875,Ward 74,Entire home,Entire home/apt,t,2829.0,4.7,,,
4740365,1120861073669362852,2024-03-26,24.2,15.6,24.0,14.9,0.1,29.2,81.4,78.41666667,Ward 74,Entire home,Entire home/apt,t,2829.0,4.81,,,
4740365,1122328680656263878,2024-03-28,22.4,15.7,21.2,13.8,0.0,33.1,91.8,79.33333333,Ward 74,Entire home,Entire home/apt,t,2829.0,4.82,,,
4740365,1124509870575750230,2024-03-31,19.4,15.1,19.4,14.9,2.7,22.8,76.0,89.58333333,Ward 74,Entire home,Entire home/apt,t,2829.0,4.83,,,
5065638,1105642941801988919,2024-03-05,23.0,15.1,23.4,14.8,0.2,14.5,43.2,68.54166667,Ward 115,Entire townhouse,Entire home/apt,t,4782.0,4.67,,,
5065638,1124482511717146944,2024-03-31,19.4,15.1,19.4,14.9,2.7,22.8,76.0,89.58333333,Ward 115,Entire townhouse,Entire home/apt,t,4782.0,4.8,,,
4761092,1107802414859690345,2024-03-08,23.6,16.7,25.1,17.2,1.7,18.1,55.8,81.125,Ward 59,Entire rental unit,Entire home/apt,t,970.0,4.07,,,
4761092,1112189242176155548,2024-03-14,24.7,16.5,25.5,15.2,0.0,21.7,56.9,68.20833333,Ward 59,Entire rental unit,Entire home/apt,t,970.0,3.7,,,
4761092,1120219130470943334,2024-03-25,22.3,15.3,22.3,13.9,0.0,21.4,62.3,77.79166667,Ward 59,Entire rental unit,Entire home/apt,t,970.0,4.39,,,
5107995,1115779382897920348,2024-03-19,26.8,17.4,27.6,16.0,0.0,29.3,74.9,77.375,Ward 77,Entire home,Entire home/apt,t,2633.0,4.32,,,
5310718,1106403675358421892,2024-03-06,24.3,14.4,25.4,13.1,0.0,14.2,40.7,67.0,Ward 54,Entire rental unit,Entire home/apt,f,2298.0,4.82,,,
5316070,1111530459788971645,2024-03-13,24.0,15.5,23.0,15.7,0.0,19.9,58.0,66.125,Ward 54,Entire home,Entire home/apt,t,18615.0,4.78,,,
5316070,1123120505549765964,2024-03-29,24.3,16.9,23.5,13.6,0.0,30.7,88.9,67.875,Ward 54,Entire home,Entire home/apt,t,18615.0,4.87,,,
5316108,1116487541418797038,2024-03-20,34.5,17.8,36.7,18.9,0.0,15.8,43.2,66.5,Ward 54,Entire rental unit,Entire home/apt,t,3358.0,4.86,,,
5323318,1103478069403135142,2024-03-02,25.9,17.5,26.0,14.2,0.0,38.9,106.6,79.29166667,Ward 64,Private room in guest suite,Private room,t,650.0,4.95,,,
5323318,1110791969195625941,2024-03-12,25.4,17.4,26.0,18.4,0.2,17.3,51.1,77.41666667,Ward 64,Private room in guest suite,Private room,t,650.0,4.89,,,
5323318,1114321369021472472,2024-03-17,27.7,15.8,27.0,12.9,0.0,33.6,92.5,61.5,Ward 64,Private room in guest suite,Private room,t,650.0,4.71,,,
5323318,1120175951318334808,2024-03-25,22.3,15.3,22.3,13.9,0.0,21.4,62.3,77.79166667,Ward 64,Private room in guest suite,Private room,t,650.0,4.95,,,
5323318,1123053217550403733,2024-03-29,24.3,16.9,23.5,13.6,0.0,30.7,88.9,67.875,Ward 64,Private room in guest suite,Private room,t,650.0,4.91,,,
5323318,1124535749817040463,2024-03-31,19.4,15.1,19.4,14.9,2.7,22.8,76.0,89.58333333,Ward 64,Private room in guest suite,Private room,t,650.0,4.88,,,
5137968,1102782536780870045,2024-03-01,23.4,15.8,25.7,16.2,0.0,18.0,51.5,83.0,Ward 61,Entire rental unit,Entire home/apt,t,1085.0,4.47,,,
5137968,1122403708581694069,2024-03-28,22.4,15.7,21.2,13.8,0.0,33.1,91.8,79.33333333,Ward 61,Entire rental unit,Entire home/apt,t,1085.0,4.68,,,
5147999,1123783374248349833,2024-03-30,33.8,15.2,34.8,15.1,0.0,17.4,46.8,58.75,Ward 61,Entire guest suite,Entire home/apt,t,755.0,4.23,,,
5330276,1123118183121389777,2024-03-29,24.3,16.9,23.5,13.6,0.0,30.7,88.9,67.875,Ward 4,Entire guest suite,Entire home/apt,f,1033.0,4.26,,,
5148889,1109321895712665469,2024-03-10,24.8,17.2,24.9,15.4,0.0,27.4,69.5,72.875,Ward 54,Entire villa,Entire home/apt,t,18386.0,4.42,,,
5148889,1119422213203640760,2024-03-24,21.5,15.1,20.2,14.5,0.0,20.3,65.9,68.875,Ward 54,Entire villa,Entire home/apt,t,18386.0,4.76,,,
5157425,1106398532955884148,2024-03-06,24.3,14.4,25.4,13.1,0.0,14.2,40.7,67.0,Ward 74,Entire rental unit,Entire home/apt,f,,4.74,,,
5401119,1109331857075463196,2024-03-10,24.8,17.2,24.9,15.4,0.0,27.4,69.5,72.875,Ward 69,Entire condo,Entire home/apt,t,2158.0,4.95,,,
5425015,1123100223200045336,2024-03-29,24.3,16.9,23.5,13.6,0.0,30.7,88.9,67.875,Ward 54,Private room in villa,Private room,f,657.0,4.28,,,
5201253,1111527274004868520,2024-03-13,24.0,15.5,23.0,15.7,0.0,19.9,58.0,66.125,Ward 74,Entire home,Entire home/apt,t,7000.0,4.95,,,
5228522,1115101249484917613,2024-03-18,31.6,15.2,33.0,15.3,0.0,19.6,52.2,66.45833333,Ward 59,Entire home,Entire home/apt,t,6026.0,4.87,,,
5435586,1108527305925291625,2024-03-09,24.8,16.8,26.8,16.0,0.0,21.1,57.2,74.875,Ward 74,Entire rental unit,Entire home/apt,t,2094.0,4.83,,,
5436436,1104938380125420337,2024-03-04,18.8,15.3,19.8,15.5,18.5,18.5,57.2,89.95833333,Ward 69,Entire rental unit,Entire home/apt,f,,4.6,,,
5436436,1123745621640657238,2024-03-30,33.8,15.2,34.8,15.1,0.0,17.4,46.8,58.75,Ward 69,Entire rental unit,Entire home/apt,f,,4.71,,,
5254873,1120946996626263616,2024-03-26,24.2,15.6,24.0,14.9,0.1,29.2,81.4,78.41666667,Ward 64,Entire guest suite,Entire home/apt,t,415.0,4.29,,,
5255446,1104969871205372716,2024-03-04,18.8,15.3,19.8,15.5,18.5,18.5,57.2,89.95833333,Ward 115,Entire townhouse,Entire home/apt,t,1695.0,4.93,,,
5255446,1117223614929894595,2024-03-21,33.5,17.7,35.1,19.3,0.0,8.1,28.4,58.875,Ward 115,Entire townhouse,Entire home/apt,t,1695.0,4.83,,,
5439441,1104273691771107690,2024-03-03,27.4,18.4,27.7,15.9,0.0,31.1,92.5,72.91666667,Ward 69,Entire rental unit,Entire home/apt,t,1178.0,4.69,,,
5439441,1106423756378728395,2024-03-06,24.3,14.4,25.4,13.1,0.0,14.2,40.7,67.0,Ward 69,Entire rental unit,Entire home/apt,t,1178.0,4.84,,,
5439441,1107137774955071433,2024-03-07,21.8,13.2,20.0,12.9,0.0,24.1,76.0,77.95833333,Ward 69,Entire rental unit,Entire home/apt,t,1178.0,4.01,,,
5439441,1114387552129542949,2024-03-17,27.7,15.8,27.0,12.9,0.0,33.6,92.5,61.5,Ward 69,Entire rental unit,Entire home/apt,t,1178.0,4.3,,,
5439441,1117973154023315673,2024-03-22,23.2,15.4,23.6,16.7,2.1,15.8,47.9,85.375,Ward 69,Entire rental unit,Entire home/apt,t,1178.0,4.82,,,
5439441,1120215965613449774,2024-03-25,22.3,15.3,22.3,13.9,0.0,21.4,62.3,77.79166667,Ward 69,Entire rental unit,Entire home/apt,t,1178.0,4.75,,,
5439441,1120935377335935866,2024-03-26,24.2,15.6,24.0,14.9,0.1,29.2,81.4,78.41666667,Ward 69,Entire rental unit,Entire home/apt,t,1178.0,4.86,,,
5439441,1122338116486942659,2024-03-28,22.4,15.7,21.2,13.8,0.0,33.1,91.8,79.33333333,Ward 69,Entire rental unit,Entire home/apt,t,1178.0,4.67,,,
5439441,1124544599989545808,2024-03-31,19.4,15.1,19.4,14.9,2.7,22.8,76.0,89.58333333,Ward 69,Entire rental unit,Entire home/apt,t,1178.0,4.87,,,
5259123,1121652431694867427,2024-03-27,23.8,16.4,22.9,12.9,0.0,31.1,85.3,74.375,Ward 84,Entire guest suite,Entire home/apt,t,630.0,4.4,,,
5269233,1103548144600861579,2024-03-02,25.9,17.5,26.0,14.2,0.0,38.9,106.6,79.29166667,Ward 74,Entire villa,Entire home/apt,f,12412.0,4.93,,,
5442946,1123813906110096997,2024-03-30,33.8,15.2,34.8,15.1,0.0,17.4,46.8,58.75,Ward 77,Entire guest suite,Entire home/apt,t,907.0,4.76,,,
5273464,1105004561589394538,2024-03-04,18.8,15.3,19.8,15.5,18.5,18.5,57.2,89.95833333,Ward 54,Entire rental unit,Entire home/apt,f,,4.86,,,
5273464,1110775875717627870,2024-03-12,25.4,17.4,26.0,18.4,0.2,17.3,51.1,77.41666667,Ward 54,Entire rental unit,Entire home/apt,f,,3.74,,,
5461009,1116583203476009494,2024-03-20,34.5,17.8,36.7,18.9,0.0,15.8,43.2,66.5,Ward 61,Entire rental unit,Entire home/apt,t,519.0,4.78,,,
